season	teamHome	teamAway	gameLocation	favTeam	projMargin	projTotScore	score-teamHome	score-TeamAway	actTotScore	winMargin	winTeam	playoffGame
2011	Green Bay Packers	New Orleans Saints	Lambeau Field	GB	-5	48	42	34	76	8	Green Bay Packers	FALSE
2011	Arizona Cardinals	Carolina Panthers	University of Phoenix Stadium	ARI	-7	37.5	28	21	49	7	Arizona Cardinals	FALSE
2011	Baltimore Ravens	Pittsburgh Steelers	M&T Bank Stadium	BAL	-1.5	37	35	7	42	28	Baltimore Ravens	FALSE
2011	Chicago Bears	Atlanta Falcons	Soldier Field	ATL	-1.5	41	30	12	42	18	Chicago Bears	FALSE
2011	Cleveland Browns	Cincinnati Bengals	FirstEnergy Stadium	CLE	-7	36.5	17	27	44	10	Cincinnati Bengals	FALSE
2011	Houston Texans	Indianapolis Colts	Reliant Stadium	HOU	-9	44	34	7	41	27	Houston Texans	FALSE
2011	Jacksonville Jaguars	Tennessee Titans	EverBank Field	TEN	-1.5	38	16	14	30	2	Jacksonville Jaguars	FALSE
2011	Kansas City Chiefs	Buffalo Bills	Arrowhead Stadium	KC	-3.5	40	7	41	48	34	Buffalo Bills	FALSE
2011	New York Jets	Dallas Cowboys	MetLife Stadium	NYJ	-6	41	27	24	51	3	New York Jets	FALSE
2011	San Diego Chargers	Minnesota Vikings	Qualcomm Stadium	LAC	-8.5	43	24	17	41	7	San Diego Chargers	FALSE
2011	San Francisco 49ers	Seattle Seahawks	Candlestick Park	SF	-6	38	33	17	50	16	San Francisco 49ers	FALSE
2011	St. Louis Rams	Philadelphia Eagles	Edward Jones Dome	PHI	-4	44.5	13	31	44	18	Philadelphia Eagles	FALSE
2011	Tampa Bay Buccaneers	Detroit Lions	Raymond James Stadium	TB	-1.5	43.5	20	27	47	7	Detroit Lions	FALSE
2011	Washington Redskins	New York Giants	FedEx Field	NYG	-2	40	28	14	42	14	Washington Redskins	FALSE
2011	Denver Broncos	Oakland Raiders	Sports Authority Field at Mile High	DEN	-3	42	20	23	43	3	Oakland Raiders	FALSE
2011	Miami Dolphins	New England Patriots	Sun Life Stadium	NE	-7.5	47	24	38	62	14	New England Patriots	FALSE
2011	Atlanta Falcons	Philadelphia Eagles	Georgia Dome	PHI	-2.5	49.5	35	31	66	4	Atlanta Falcons	FALSE
2011	Buffalo Bills	Oakland Raiders	Ralph Wilson Stadium	BUF	-4	41	38	35	73	3	Buffalo Bills	FALSE
2011	Carolina Panthers	Green Bay Packers	Bank of America Stadium	GB	-11	45	23	30	53	7	Green Bay Packers	FALSE
2011	Denver Broncos	Cincinnati Bengals	Sports Authority Field at Mile High	DEN	-3	41	24	22	46	2	Denver Broncos	FALSE
2011	Detroit Lions	Kansas City Chiefs	Ford Field	DET	-9	45	48	3	51	45	Detroit Lions	FALSE
2011	Indianapolis Colts	Cleveland Browns	Lucas Oil Stadium	CLE	-1.5	39	19	27	46	8	Cleveland Browns	FALSE
2011	Miami Dolphins	Houston Texans	Sun Life Stadium	HOU	-3	47.5	13	23	36	10	Houston Texans	FALSE
2011	Minnesota Vikings	Tampa Bay Buccaneers	Mall of America Field	MIN	-1	41	20	24	44	4	Tampa Bay Buccaneers	FALSE
2011	New England Patriots	San Diego Chargers	Gillette Stadium	NE	-7	53.5	35	21	56	14	New England Patriots	FALSE
2011	New Orleans Saints	Chicago Bears	Louisiana Superdome	NO	-5	46.5	30	13	43	17	New Orleans Saints	FALSE
2011	New York Jets	Jacksonville Jaguars	MetLife Stadium	NYJ	-9	38.5	32	3	35	29	New York Jets	FALSE
2011	Pittsburgh Steelers	Seattle Seahawks	Heinz Field	PIT	-14	40	24	0	24	24	Pittsburgh Steelers	FALSE
2011	San Francisco 49ers	Dallas Cowboys	Candlestick Park	DAL	-3	41.5	24	27	51	3	Dallas Cowboys	FALSE
2011	Tennessee Titans	Baltimore Ravens	Nissan Stadium	BAL	-6	39	26	13	39	13	Tennessee Titans	FALSE
2011	Washington Redskins	Arizona Cardinals	FedEx Field	WAS	-4.5	45	22	21	43	1	Washington Redskins	FALSE
2011	New York Giants	St. Louis Rams	MetLife Stadium	NYG	-7	44	28	16	44	12	New York Giants	FALSE
2011	Buffalo Bills	New England Patriots	Ralph Wilson Stadium	NE	-7.5	54.5	34	31	65	3	Buffalo Bills	FALSE
2011	Carolina Panthers	Jacksonville Jaguars	Bank of America Stadium	CAR	-3.5	43.5	16	10	26	6	Carolina Panthers	FALSE
2011	Chicago Bears	Green Bay Packers	Soldier Field	GB	-5	45.5	17	27	44	10	Green Bay Packers	FALSE
2011	Cincinnati Bengals	San Francisco 49ers	Paul Brown Stadium	CIN	-1	38.5	8	13	21	5	San Francisco 49ers	FALSE
2011	Cleveland Browns	Miami Dolphins	FirstEnergy Stadium	MIA	-2	42.5	17	16	33	1	Cleveland Browns	FALSE
2011	Indianapolis Colts	Pittsburgh Steelers	Lucas Oil Stadium	PIT	-11	39.5	20	23	43	3	Pittsburgh Steelers	FALSE
2011	Minnesota Vikings	Detroit Lions	Mall of America Field	DET	-3	45	23	26	49	3	Detroit Lions	FALSE
2011	New Orleans Saints	Houston Texans	Louisiana Superdome	NO	-4	51	40	33	73	7	New Orleans Saints	FALSE
2011	Oakland Raiders	New York Jets	Oakland Coliseum	NYJ	-3	41	34	24	58	10	Oakland Raiders	FALSE
2011	Philadelphia Eagles	New York Giants	Lincoln Financial Field	PHI	-8	46.5	16	29	45	13	New York Giants	FALSE
2011	San Diego Chargers	Kansas City Chiefs	Qualcomm Stadium	LAC	-14.5	44.5	20	17	37	3	San Diego Chargers	FALSE
2011	Seattle Seahawks	Arizona Cardinals	CenturyLink Field	ARI	-3	43	13	10	23	3	Seattle Seahawks	FALSE
2011	St. Louis Rams	Baltimore Ravens	Edward Jones Dome	BAL	-6	42	7	37	44	30	Baltimore Ravens	FALSE
2011	Tampa Bay Buccaneers	Atlanta Falcons	Raymond James Stadium	TB	-1	45	16	13	29	3	Tampa Bay Buccaneers	FALSE
2011	Tennessee Titans	Denver Broncos	Nissan Stadium	TEN	-7	44	17	14	31	3	Tennessee Titans	FALSE
2011	Dallas Cowboys	Washington Redskins	Cowboys Stadium	DAL	-3.5	45	18	16	34	2	Dallas Cowboys	FALSE
2011	Arizona Cardinals	New York Giants	University of Phoenix Stadium	NYG	-1.5	45	27	31	58	4	New York Giants	FALSE
2011	Baltimore Ravens	New York Jets	M&T Bank Stadium	BAL	-5	43.5	34	17	51	17	Baltimore Ravens	FALSE
2011	Chicago Bears	Carolina Panthers	Soldier Field	CHI	-7	42	34	29	63	5	Chicago Bears	FALSE
2011	Cincinnati Bengals	Buffalo Bills	Paul Brown Stadium	BUF	-3	43	23	20	43	3	Cincinnati Bengals	FALSE
2011	Cleveland Browns	Tennessee Titans	FirstEnergy Stadium	CLE	-1.5	37.5	13	31	44	18	Tennessee Titans	FALSE
2011	Dallas Cowboys	Detroit Lions	Cowboys Stadium	DAL	-2.5	46.5	30	34	64	4	Detroit Lions	FALSE
2011	Green Bay Packers	Denver Broncos	Lambeau Field	GB	-12	46.5	49	23	72	26	Green Bay Packers	FALSE
2011	Houston Texans	Pittsburgh Steelers	Reliant Stadium	HOU	-4	46.5	17	10	27	7	Houston Texans	FALSE
2011	Jacksonville Jaguars	New Orleans Saints	EverBank Field	NO	-9	45	10	23	33	13	New Orleans Saints	FALSE
2011	Kansas City Chiefs	Minnesota Vikings	Arrowhead Stadium	MIN	-3	40	22	17	39	5	Kansas City Chiefs	FALSE
2011	Oakland Raiders	New England Patriots	Oakland Coliseum	NE	-6.5	55.5	19	31	50	12	New England Patriots	FALSE
2011	Philadelphia Eagles	San Francisco 49ers	Lincoln Financial Field	PHI	-10	43.5	23	24	47	1	San Francisco 49ers	FALSE
2011	San Diego Chargers	Miami Dolphins	Qualcomm Stadium	LAC	-7	45	26	16	42	10	San Diego Chargers	FALSE
2011	Seattle Seahawks	Atlanta Falcons	CenturyLink Field	ATL	-6	39	28	30	58	2	Atlanta Falcons	FALSE
2011	St. Louis Rams	Washington Redskins	Edward Jones Dome	WAS	-3	44	10	17	27	7	Washington Redskins	FALSE
2011	Tampa Bay Buccaneers	Indianapolis Colts	Raymond James Stadium	TB	-10	40.5	24	17	41	7	Tampa Bay Buccaneers	FALSE
2011	Atlanta Falcons	Green Bay Packers	Georgia Dome	GB	-6.5	53	14	25	39	11	Green Bay Packers	FALSE
2011	Buffalo Bills	Philadelphia Eagles	Ralph Wilson Stadium	PHI	-3	53	31	24	55	7	Buffalo Bills	FALSE
2011	Carolina Panthers	New Orleans Saints	Bank of America Stadium	NO	-6.5	51.5	27	30	57	3	New Orleans Saints	FALSE
2011	Denver Broncos	San Diego Chargers	Sports Authority Field at Mile High	LAC	-3.5	46.5	24	29	53	5	San Diego Chargers	FALSE
2011	Houston Texans	Oakland Raiders	Reliant Stadium	HOU	-4.5	48.5	20	25	45	5	Oakland Raiders	FALSE
2011	Indianapolis Colts	Kansas City Chiefs	Lucas Oil Stadium	IND	-1.5	38	24	28	52	4	Kansas City Chiefs	FALSE
2011	Jacksonville Jaguars	Cincinnati Bengals	EverBank Field	CIN	-2.5	37	20	30	50	10	Cincinnati Bengals	FALSE
2011	Minnesota Vikings	Arizona Cardinals	Mall of America Field	MIN	-3.5	45	34	10	44	24	Minnesota Vikings	FALSE
2011	New England Patriots	New York Jets	Gillette Stadium	NE	-7.5	50	30	21	51	9	New England Patriots	FALSE
2011	New York Giants	Seattle Seahawks	MetLife Stadium	NYG	-10	43.5	25	36	61	11	Seattle Seahawks	FALSE
2011	Pittsburgh Steelers	Tennessee Titans	Heinz Field	PIT	-3	40	38	17	55	21	Pittsburgh Steelers	FALSE
2011	San Francisco 49ers	Tampa Bay Buccaneers	Candlestick Park	SF	-3	41.5	48	3	51	45	San Francisco 49ers	FALSE
2011	Detroit Lions	Chicago Bears	Ford Field	DET	-7	47	24	13	37	11	Detroit Lions	FALSE
2011	Atlanta Falcons	Carolina Panthers	Georgia Dome	ATL	-3.5	49.5	31	17	48	14	Atlanta Falcons	FALSE
2011	Baltimore Ravens	Houston Texans	M&T Bank Stadium	BAL	-7	43.5	29	14	43	15	Baltimore Ravens	FALSE
2011	Chicago Bears	Minnesota Vikings	Soldier Field	CHI	-2.5	42	39	10	49	29	Chicago Bears	FALSE
2011	Cincinnati Bengals	Indianapolis Colts	Paul Brown Stadium	CIN	-4.5	40.5	27	17	44	10	Cincinnati Bengals	FALSE
2011	Detroit Lions	San Francisco 49ers	Ford Field	DET	-5	45	19	25	44	6	San Francisco 49ers	FALSE
2011	Green Bay Packers	St. Louis Rams	Lambeau Field	GB	-14	47.5	24	3	27	21	Green Bay Packers	FALSE
2011	New England Patriots	Dallas Cowboys	Gillette Stadium	NE	-7	54.5	20	16	36	4	New England Patriots	FALSE
2011	New York Giants	Buffalo Bills	MetLife Stadium	NYG	-3	49	27	24	51	3	New York Giants	FALSE
2011	Oakland Raiders	Cleveland Browns	Oakland Coliseum	OAK	-6.5	45	24	17	41	7	Oakland Raiders	FALSE
2011	Pittsburgh Steelers	Jacksonville Jaguars	Heinz Field	PIT	-12.5	40	17	13	30	4	Pittsburgh Steelers	FALSE
2011	Tampa Bay Buccaneers	New Orleans Saints	Raymond James Stadium	NO	-6.5	49.5	26	20	46	6	Tampa Bay Buccaneers	FALSE
2011	Washington Redskins	Philadelphia Eagles	FedEx Field	PHI	-3	46.5	13	20	33	7	Philadelphia Eagles	FALSE
2011	New York Jets	Miami Dolphins	MetLife Stadium	NYJ	-7.5	41.5	24	6	30	18	New York Jets	FALSE
2011	Arizona Cardinals	Pittsburgh Steelers	University of Phoenix Stadium	PIT	-4.5	46.5	20	32	52	12	Pittsburgh Steelers	FALSE
2011	Carolina Panthers	Washington Redskins	Bank of America Stadium	CAR	-2.5	44.5	33	20	53	13	Carolina Panthers	FALSE
2011	Cleveland Browns	Seattle Seahawks	FirstEnergy Stadium	CLE	-3	41	6	3	9	3	Cleveland Browns	FALSE
2011	Dallas Cowboys	St. Louis Rams	Cowboys Stadium	DAL	-14	43	34	7	41	27	Dallas Cowboys	FALSE
2011	Detroit Lions	Atlanta Falcons	Ford Field	DET	-4.5	47	16	23	39	7	Atlanta Falcons	FALSE
2011	Miami Dolphins	Denver Broncos	Sun Life Stadium	DEN	-1	41.5	15	18	33	3	Denver Broncos	FALSE
2011	Minnesota Vikings	Green Bay Packers	Mall of America Field	GB	-11	47	27	33	60	6	Green Bay Packers	FALSE
2011	New Orleans Saints	Indianapolis Colts	Louisiana Superdome	NO	-14	49	62	7	69	55	New Orleans Saints	FALSE
2011	New York Jets	San Diego Chargers	MetLife Stadium	LAC	-1	43.5	27	21	48	6	New York Jets	FALSE
2011	Oakland Raiders	Kansas City Chiefs	Oakland Coliseum	OAK	-3.5	41.5	0	28	28	28	Kansas City Chiefs	FALSE
2011	Tampa Bay Buccaneers	Chicago Bears	Wembley Stadium	CHI	-2	44	18	24	42	6	Chicago Bears	FALSE
2011	Tennessee Titans	Houston Texans	Nissan Stadium	TEN	-2.5	44	7	41	48	34	Houston Texans	FALSE
2011	Jacksonville Jaguars	Baltimore Ravens	EverBank Field	BAL	-10.5	39	12	7	19	5	Jacksonville Jaguars	FALSE
2011	Baltimore Ravens	Arizona Cardinals	M&T Bank Stadium	BAL	-11.5	43	30	27	57	3	Baltimore Ravens	FALSE
2011	Buffalo Bills	Washington Redskins	Rogers Centre	BUF	-4	46.5	23	0	23	23	Buffalo Bills	FALSE
2011	Carolina Panthers	Minnesota Vikings	Bank of America Stadium	CAR	-3	47	21	24	45	3	Minnesota Vikings	FALSE
2011	Denver Broncos	Detroit Lions	Sports Authority Field at Mile High	DET	-3.5	43.5	10	45	55	35	Detroit Lions	FALSE
2011	Houston Texans	Jacksonville Jaguars	Reliant Stadium	HOU	-10	41	24	14	38	10	Houston Texans	FALSE
2011	New York Giants	Miami Dolphins	MetLife Stadium	NYG	-10	43.5	20	17	37	3	New York Giants	FALSE
2011	Philadelphia Eagles	Dallas Cowboys	Lincoln Financial Field	PHI	-3	49.5	34	7	41	27	Philadelphia Eagles	FALSE
2011	Pittsburgh Steelers	New England Patriots	Heinz Field	NE	-3	52	25	17	42	8	Pittsburgh Steelers	FALSE
2011	San Francisco 49ers	Cleveland Browns	Candlestick Park	SF	-9.5	38.5	20	10	30	10	San Francisco 49ers	FALSE
2011	Seattle Seahawks	Cincinnati Bengals	CenturyLink Field	CIN	-1.5	37.5	12	34	46	22	Cincinnati Bengals	FALSE
2011	St. Louis Rams	New Orleans Saints	Edward Jones Dome	NO	-14	48.5	31	21	52	10	St. Louis Rams	FALSE
2011	Tennessee Titans	Indianapolis Colts	Nissan Stadium	TEN	-7.5	43.5	27	10	37	17	Tennessee Titans	FALSE
2011	Kansas City Chiefs	San Diego Chargers	Arrowhead Stadium	LAC	-3	44.5	23	20	43	3	Kansas City Chiefs	FALSE
2011	Arizona Cardinals	St. Louis Rams	University of Phoenix Stadium	ARI	-3	41.5	19	13	32	6	Arizona Cardinals	FALSE
2011	Buffalo Bills	New York Jets	Ralph Wilson Stadium	BUF	-2.5	45	11	27	38	16	New York Jets	FALSE
2011	Dallas Cowboys	Seattle Seahawks	Cowboys Stadium	DAL	-11	45	23	13	36	10	Dallas Cowboys	FALSE
2011	Houston Texans	Cleveland Browns	Reliant Stadium	HOU	-10.5	41	30	12	42	18	Houston Texans	FALSE
2011	Indianapolis Colts	Atlanta Falcons	Lucas Oil Stadium	ATL	-7	45.5	7	31	38	24	Atlanta Falcons	FALSE
2011	Kansas City Chiefs	Miami Dolphins	Arrowhead Stadium	KC	-4	40.5	3	31	34	28	Miami Dolphins	FALSE
2011	New England Patriots	New York Giants	Gillette Stadium	NE	-9	51	20	24	44	4	New York Giants	FALSE
2011	New Orleans Saints	Tampa Bay Buccaneers	Louisiana Superdome	NO	-9	50.5	27	16	43	11	New Orleans Saints	FALSE
2011	Oakland Raiders	Denver Broncos	Oakland Coliseum	OAK	-7.5	42.5	24	38	62	14	Denver Broncos	FALSE
2011	Pittsburgh Steelers	Baltimore Ravens	Heinz Field	PIT	-3.5	42	20	23	43	3	Baltimore Ravens	FALSE
2011	San Diego Chargers	Green Bay Packers	Qualcomm Stadium	GB	-6	51	38	45	83	7	Green Bay Packers	FALSE
2011	Tennessee Titans	Cincinnati Bengals	Nissan Stadium	TEN	-3	41.5	17	24	41	7	Cincinnati Bengals	FALSE
2011	Washington Redskins	San Francisco 49ers	FedEx Field	SF	-4.5	37.5	11	19	30	8	San Francisco 49ers	FALSE
2011	Philadelphia Eagles	Chicago Bears	Lincoln Financial Field	PHI	-8	47.5	24	30	54	6	Chicago Bears	FALSE
2011	San Diego Chargers	Oakland Raiders	Qualcomm Stadium	LAC	-7	48	17	24	41	7	Oakland Raiders	FALSE
2011	Atlanta Falcons	New Orleans Saints	Georgia Dome	ATL	-1	50	23	26	49	3	New Orleans Saints	FALSE
2011	Carolina Panthers	Tennessee Titans	Bank of America Stadium	CAR	-3.5	47.5	3	30	33	27	Tennessee Titans	FALSE
2011	Chicago Bears	Detroit Lions	Soldier Field	CHI	-3	42.5	37	13	50	24	Chicago Bears	FALSE
2011	Cincinnati Bengals	Pittsburgh Steelers	Paul Brown Stadium	PIT	-4	40.5	17	24	41	7	Pittsburgh Steelers	FALSE
2011	Cleveland Browns	St. Louis Rams	FirstEnergy Stadium	CLE	-3	36.5	12	13	25	1	St. Louis Rams	FALSE
2011	Dallas Cowboys	Buffalo Bills	Cowboys Stadium	DAL	-4.5	49	44	7	51	37	Dallas Cowboys	FALSE
2011	Indianapolis Colts	Jacksonville Jaguars	Lucas Oil Stadium	JAX	-3	37.5	3	17	20	14	Jacksonville Jaguars	FALSE
2011	Kansas City Chiefs	Denver Broncos	Arrowhead Stadium	KC	-3.5	42.5	10	17	27	7	Denver Broncos	FALSE
2011	Miami Dolphins	Washington Redskins	Sun Life Stadium	MIA	-4	38	20	9	29	11	Miami Dolphins	FALSE
2011	New York Jets	New England Patriots	MetLife Stadium	NYJ	-2.5	47	16	37	53	21	New England Patriots	FALSE
2011	Philadelphia Eagles	Arizona Cardinals	Lincoln Financial Field	PHI	-13	47.5	17	21	38	4	Arizona Cardinals	FALSE
2011	San Francisco 49ers	New York Giants	Candlestick Park	SF	-4	42.5	27	20	47	7	San Francisco 49ers	FALSE
2011	Seattle Seahawks	Baltimore Ravens	CenturyLink Field	BAL	-7	39	22	17	39	5	Seattle Seahawks	FALSE
2011	Tampa Bay Buccaneers	Houston Texans	Raymond James Stadium	HOU	-4	45.5	9	37	46	28	Houston Texans	FALSE
2011	Green Bay Packers	Minnesota Vikings	Lambeau Field	GB	-13	50	45	7	52	38	Green Bay Packers	FALSE
2011	Denver Broncos	New York Jets	Sports Authority Field at Mile High	NYJ	-6.5	38.5	17	13	30	4	Denver Broncos	FALSE
2011	Atlanta Falcons	Tennessee Titans	Georgia Dome	ATL	-6.5	44	23	17	40	6	Atlanta Falcons	FALSE
2011	Baltimore Ravens	Cincinnati Bengals	M&T Bank Stadium	BAL	-7	40.5	31	24	55	7	Baltimore Ravens	FALSE
2011	Chicago Bears	San Diego Chargers	Soldier Field	CHI	-4.5	45.5	31	20	51	11	Chicago Bears	FALSE
2011	Cleveland Browns	Jacksonville Jaguars	FirstEnergy Stadium	CLE	-1.5	34.5	14	10	24	4	Cleveland Browns	FALSE
2011	Detroit Lions	Carolina Panthers	Ford Field	DET	-7	47.5	49	35	84	14	Detroit Lions	FALSE
2011	Green Bay Packers	Tampa Bay Buccaneers	Lambeau Field	GB	-13.5	49	35	26	61	9	Green Bay Packers	FALSE
2011	Miami Dolphins	Buffalo Bills	Sun Life Stadium	MIA	-3	44	35	8	43	27	Miami Dolphins	FALSE
2011	Minnesota Vikings	Oakland Raiders	Mall of America Field	MIN	-2	46.5	21	27	48	6	Oakland Raiders	FALSE
2011	New York Giants	Philadelphia Eagles	MetLife Stadium	NYG	-6	45.5	10	17	27	7	Philadelphia Eagles	FALSE
2011	San Francisco 49ers	Arizona Cardinals	Candlestick Park	SF	-10	40.5	23	7	30	16	San Francisco 49ers	FALSE
2011	St. Louis Rams	Seattle Seahawks	Edward Jones Dome	LAR	-3	40	7	24	31	17	Seattle Seahawks	FALSE
2011	Washington Redskins	Dallas Cowboys	FedEx Field	DAL	-7	43	24	27	51	3	Dallas Cowboys	FALSE
2011	New England Patriots	Kansas City Chiefs	Gillette Stadium	NE	-17	47	34	3	37	31	New England Patriots	FALSE
2011	Baltimore Ravens	San Francisco 49ers	M&T Bank Stadium	BAL	-3.5	40.5	16	6	22	10	Baltimore Ravens	FALSE
2011	Dallas Cowboys	Miami Dolphins	Cowboys Stadium	DAL	-7	46	20	19	39	1	Dallas Cowboys	FALSE
2011	Detroit Lions	Green Bay Packers	Ford Field	GB	-4.5	55	15	27	42	12	Green Bay Packers	FALSE
2011	Atlanta Falcons	Minnesota Vikings	Georgia Dome	ATL	-10	44	24	14	38	10	Atlanta Falcons	FALSE
2011	Cincinnati Bengals	Cleveland Browns	Paul Brown Stadium	CIN	-7	38	23	20	43	3	Cincinnati Bengals	FALSE
2011	Indianapolis Colts	Carolina Panthers	Lucas Oil Stadium	CAR	-3.5	46.5	19	27	46	8	Carolina Panthers	FALSE
2011	Jacksonville Jaguars	Houston Texans	EverBank Field	HOU	-6.5	37	13	20	33	7	Houston Texans	FALSE
2011	Kansas City Chiefs	Pittsburgh Steelers	Arrowhead Stadium	PIT	-10.5	40.5	9	13	22	4	Pittsburgh Steelers	FALSE
2011	New York Jets	Buffalo Bills	MetLife Stadium	NYJ	-9.5	42.5	28	24	52	4	New York Jets	FALSE
2011	Oakland Raiders	Chicago Bears	Oakland Coliseum	OAK	-3	41	25	20	45	5	Oakland Raiders	FALSE
2011	Philadelphia Eagles	New England Patriots	Lincoln Financial Field	NE	-3.5	50.5	20	38	58	18	New England Patriots	FALSE
2011	San Diego Chargers	Denver Broncos	Qualcomm Stadium	LAC	-5.5	42	13	16	29	3	Denver Broncos	FALSE
2011	Seattle Seahawks	Washington Redskins	CenturyLink Field	SEA	-3	37.5	17	23	40	6	Washington Redskins	FALSE
2011	St. Louis Rams	Arizona Cardinals	Edward Jones Dome	LAR	-2.5	40	20	23	43	3	Arizona Cardinals	FALSE
2011	Tennessee Titans	Tampa Bay Buccaneers	Nissan Stadium	TEN	-3	44	23	17	40	6	Tennessee Titans	FALSE
2011	New Orleans Saints	New York Giants	Louisiana Superdome	NO	-7	51	49	24	73	25	New Orleans Saints	FALSE
2011	Seattle Seahawks	Philadelphia Eagles	CenturyLink Field	PHI	-3	43.5	31	14	45	17	Seattle Seahawks	FALSE
2011	Arizona Cardinals	Dallas Cowboys	University of Phoenix Stadium	DAL	-4.5	46.5	19	13	32	6	Arizona Cardinals	FALSE
2011	Buffalo Bills	Tennessee Titans	Ralph Wilson Stadium	BUF	-1	44	17	23	40	6	Tennessee Titans	FALSE
2011	Chicago Bears	Kansas City Chiefs	Soldier Field	CHI	-9	35	3	10	13	7	Kansas City Chiefs	FALSE
2011	Cleveland Browns	Baltimore Ravens	FirstEnergy Stadium	BAL	-7	38.5	10	24	34	14	Baltimore Ravens	FALSE
2011	Houston Texans	Atlanta Falcons	Reliant Stadium	ATL	-2	38	17	10	27	7	Houston Texans	FALSE
2011	Miami Dolphins	Oakland Raiders	Sun Life Stadium	MIA	-3	43	34	14	48	20	Miami Dolphins	FALSE
2011	Minnesota Vikings	Denver Broncos	Mall of America Field	MIN	-1.5	37.5	32	35	67	3	Denver Broncos	FALSE
2011	New England Patriots	Indianapolis Colts	Gillette Stadium	NE	-20.5	48.5	31	24	55	7	New England Patriots	FALSE
2011	New Orleans Saints	Detroit Lions	Louisiana Superdome	NO	-9	54.5	31	17	48	14	New Orleans Saints	FALSE
2011	New York Giants	Green Bay Packers	MetLife Stadium	GB	-7	54	35	38	73	3	Green Bay Packers	FALSE
2011	Pittsburgh Steelers	Cincinnati Bengals	Heinz Field	PIT	-7	43	35	7	42	28	Pittsburgh Steelers	FALSE
2011	San Francisco 49ers	St. Louis Rams	Candlestick Park	SF	-14.5	38.5	26	0	26	26	San Francisco 49ers	FALSE
2011	Tampa Bay Buccaneers	Carolina Panthers	Raymond James Stadium	CAR	-2.5	46.5	19	38	57	19	Carolina Panthers	FALSE
2011	Washington Redskins	New York Jets	FedEx Field	NYJ	-3	38.5	19	34	53	15	New York Jets	FALSE
2011	Jacksonville Jaguars	San Diego Chargers	EverBank Field	LAC	-3	39.5	14	38	52	24	San Diego Chargers	FALSE
2011	Pittsburgh Steelers	Cleveland Browns	Heinz Field	PIT	-14	40	14	3	17	11	Pittsburgh Steelers	FALSE
2011	Arizona Cardinals	San Francisco 49ers	University of Phoenix Stadium	SF	-3.5	40	21	19	40	2	Arizona Cardinals	FALSE
2011	Baltimore Ravens	Indianapolis Colts	M&T Bank Stadium	BAL	-16.5	41.5	24	10	34	14	Baltimore Ravens	FALSE
2011	Carolina Panthers	Atlanta Falcons	Bank of America Stadium	ATL	-3	47.5	23	31	54	8	Atlanta Falcons	FALSE
2011	Cincinnati Bengals	Houston Texans	Paul Brown Stadium	CIN	-3	37	19	20	39	1	Houston Texans	FALSE
2011	Dallas Cowboys	New York Giants	Cowboys Stadium	DAL	-4.5	50.5	34	37	71	3	New York Giants	FALSE
2011	Denver Broncos	Chicago Bears	Sports Authority Field at Mile High	DEN	-3.5	35.5	13	10	23	3	Denver Broncos	FALSE
2011	Detroit Lions	Minnesota Vikings	Ford Field	DET	-10	47	34	28	62	6	Detroit Lions	FALSE
2011	Green Bay Packers	Oakland Raiders	Lambeau Field	GB	-11.5	49.5	46	16	62	30	Green Bay Packers	FALSE
2011	Jacksonville Jaguars	Tampa Bay Buccaneers	EverBank Field	TB	-3	42	41	14	55	27	Jacksonville Jaguars	FALSE
2011	Miami Dolphins	Philadelphia Eagles	Sun Life Stadium	MIA	-3	44.5	10	26	36	16	Philadelphia Eagles	FALSE
2011	New York Jets	Kansas City Chiefs	MetLife Stadium	NYJ	-10.5	35.5	37	10	47	27	New York Jets	FALSE
2011	San Diego Chargers	Buffalo Bills	Qualcomm Stadium	LAC	-7	49	37	10	47	27	San Diego Chargers	FALSE
2011	Tennessee Titans	New Orleans Saints	Nissan Stadium	NO	-3.5	48	17	22	39	5	New Orleans Saints	FALSE
2011	Washington Redskins	New England Patriots	FedEx Field	NE	-7.5	47	27	34	61	7	New England Patriots	FALSE
2011	Seattle Seahawks	St. Louis Rams	CenturyLink Field	SEA	-9.5	37	30	13	43	17	Seattle Seahawks	FALSE
2011	Atlanta Falcons	Jacksonville Jaguars	Georgia Dome	ATL	-13.5	42	41	14	55	27	Atlanta Falcons	FALSE
2011	Tampa Bay Buccaneers	Dallas Cowboys	Raymond James Stadium	DAL	-7	47	15	31	46	16	Dallas Cowboys	FALSE
2011	Arizona Cardinals	Cleveland Browns	University of Phoenix Stadium	ARI	-6.5	37.5	20	17	37	3	Arizona Cardinals	FALSE
2011	Buffalo Bills	Miami Dolphins	Ralph Wilson Stadium	BUF	-1.5	40.5	23	30	53	7	Miami Dolphins	FALSE
2011	Chicago Bears	Seattle Seahawks	Soldier Field	CHI	-3.5	35	14	38	52	24	Seattle Seahawks	FALSE
2011	Denver Broncos	New England Patriots	Sports Authority Field at Mile High	NE	-7.5	47.5	23	41	64	18	New England Patriots	FALSE
2011	Houston Texans	Carolina Panthers	Reliant Stadium	HOU	-6	45.5	13	28	41	15	Carolina Panthers	FALSE
2011	Indianapolis Colts	Tennessee Titans	Lucas Oil Stadium	TEN	-6.5	41.5	27	13	40	14	Indianapolis Colts	FALSE
2011	Kansas City Chiefs	Green Bay Packers	Arrowhead Stadium	GB	-11.5	46	19	14	33	5	Kansas City Chiefs	FALSE
2011	Minnesota Vikings	New Orleans Saints	Mall of America Field	NO	-7.5	53.5	20	42	62	22	New Orleans Saints	FALSE
2011	New York Giants	Washington Redskins	MetLife Stadium	NYG	-6	46.5	10	23	33	13	Washington Redskins	FALSE
2011	Oakland Raiders	Detroit Lions	Oakland Coliseum	DET	-1.5	47.5	27	28	55	1	Detroit Lions	FALSE
2011	Philadelphia Eagles	New York Jets	Lincoln Financial Field	PHI	-3	44	45	19	64	26	Philadelphia Eagles	FALSE
2011	San Diego Chargers	Baltimore Ravens	Qualcomm Stadium	BAL	-2.5	44	34	14	48	20	San Diego Chargers	FALSE
2011	St. Louis Rams	Cincinnati Bengals	Edward Jones Dome	CIN	-7	39	13	20	33	7	Cincinnati Bengals	FALSE
2011	San Francisco 49ers	Pittsburgh Steelers	Candlestick Park	SF	-3	37	20	3	23	17	San Francisco 49ers	FALSE
2011	Indianapolis Colts	Houston Texans	Lucas Oil Stadium	HOU	-7	40.5	19	16	35	3	Indianapolis Colts	FALSE
2011	Baltimore Ravens	Cleveland Browns	M&T Bank Stadium	BAL	-11	38	20	14	34	6	Baltimore Ravens	FALSE
2011	Buffalo Bills	Denver Broncos	Ralph Wilson Stadium	DEN	-3	43.5	40	14	54	26	Buffalo Bills	FALSE
2011	Carolina Panthers	Tampa Bay Buccaneers	Bank of America Stadium	CAR	-7.5	48	48	16	64	32	Carolina Panthers	FALSE
2011	Cincinnati Bengals	Arizona Cardinals	Paul Brown Stadium	CIN	-4	41	23	16	39	7	Cincinnati Bengals	FALSE
2011	Dallas Cowboys	Philadelphia Eagles	Cowboys Stadium	PHI	-2.5	50	7	20	27	13	Philadelphia Eagles	FALSE
2011	Detroit Lions	San Diego Chargers	Ford Field	LAC	-1	53	38	10	48	28	Detroit Lions	FALSE
2011	Kansas City Chiefs	Oakland Raiders	Arrowhead Stadium	KC	-3	43	13	16	29	3	Oakland Raiders	FALSE
2011	New England Patriots	Miami Dolphins	Gillette Stadium	NE	-7.5	49.5	27	24	51	3	New England Patriots	FALSE
2011	New York Jets	New York Giants	MetLife Stadium	NYJ	-3	46	14	29	43	15	New York Giants	FALSE
2011	Pittsburgh Steelers	St. Louis Rams	Heinz Field	PIT	-10	34	27	0	27	27	Pittsburgh Steelers	FALSE
2011	Seattle Seahawks	San Francisco 49ers	CenturyLink Field	SF	-2.5	37	17	19	36	2	San Francisco 49ers	FALSE
2011	Tennessee Titans	Jacksonville Jaguars	Nissan Stadium	TEN	-8.5	38.5	23	17	40	6	Tennessee Titans	FALSE
2011	Washington Redskins	Minnesota Vikings	FedEx Field	WAS	-6	43	26	33	59	7	Minnesota Vikings	FALSE
2011	Green Bay Packers	Chicago Bears	Lambeau Field	GB	-13	42	35	21	56	14	Green Bay Packers	FALSE
2011	New Orleans Saints	Atlanta Falcons	Louisiana Superdome	NO	-7	52.5	45	16	61	29	New Orleans Saints	FALSE
2011	Arizona Cardinals	Seattle Seahawks	University of Phoenix Stadium	ARI	-2.5	40.5	23	20	43	3	Arizona Cardinals	FALSE
2011	Atlanta Falcons	Tampa Bay Buccaneers	Georgia Dome	ATL	-9.5	45	45	24	69	21	Atlanta Falcons	FALSE
2011	Cincinnati Bengals	Baltimore Ravens	Paul Brown Stadium	BAL	-2.5	38	16	24	40	8	Baltimore Ravens	FALSE
2011	Cleveland Browns	Pittsburgh Steelers	FirstEnergy Stadium	PIT	-7	33	9	13	22	4	Pittsburgh Steelers	FALSE
2011	Denver Broncos	Kansas City Chiefs	Sports Authority Field at Mile High	DEN	-2	37.5	3	7	10	4	Kansas City Chiefs	FALSE
2011	Green Bay Packers	Detroit Lions	Lambeau Field	DET	-6.5	42	45	41	86	4	Green Bay Packers	FALSE
2011	Houston Texans	Tennessee Titans	Reliant Stadium	TEN	-2	38.5	22	23	45	1	Tennessee Titans	FALSE
2011	Jacksonville Jaguars	Indianapolis Colts	EverBank Field	JAX	-3	37	19	13	32	6	Jacksonville Jaguars	FALSE
2011	Miami Dolphins	New York Jets	Sun Life Stadium	MIA	-2	39	19	17	36	2	Miami Dolphins	FALSE
2011	Minnesota Vikings	Chicago Bears	Mall of America Field	MIN	-2.5	42	13	17	30	4	Chicago Bears	FALSE
2011	New England Patriots	Buffalo Bills	Gillette Stadium	NE	-10	50	49	21	70	28	New England Patriots	FALSE
2011	New Orleans Saints	Carolina Panthers	Louisiana Superdome	NO	-7	55	45	17	62	28	New Orleans Saints	FALSE
2011	New York Giants	Dallas Cowboys	MetLife Stadium	NYG	-3	47.5	31	14	45	17	New York Giants	FALSE
2011	Oakland Raiders	San Diego Chargers	Oakland Coliseum	OAK	-3	48.5	26	38	64	12	San Diego Chargers	FALSE
2011	Philadelphia Eagles	Washington Redskins	Lincoln Financial Field	PHI	-7	44.5	34	10	44	24	Philadelphia Eagles	FALSE
2011	St. Louis Rams	San Francisco 49ers	Edward Jones Dome	SF	-12.5	34.5	27	34	61	7	San Francisco 49ers	FALSE
2011	Houston Texans	Cincinnati Bengals	Reliant Stadium	HOU	-4	38	31	10	41	21	Houston Texans	TRUE
2011	New Orleans Saints	Detroit Lions	Louisiana Superdome	NO	-10.5	60	45	28	73	17	New Orleans Saints	TRUE
2011	Denver Broncos	Pittsburgh Steelers	Sports Authority Field at Mile High	PIT	-7.5	34	29	23	52	6	Denver Broncos	TRUE
2011	New York Giants	Atlanta Falcons	MetLife Stadium	NYG	-3	48	24	2	26	22	New York Giants	TRUE
2011	New England Patriots	Denver Broncos	Gillette Stadium	NE	-13.5	50	45	10	55	35	New England Patriots	TRUE
2011	San Francisco 49ers	New Orleans Saints	Candlestick Park	NO	-3.5	47	36	32	68	4	San Francisco 49ers	TRUE
2011	Baltimore Ravens	Houston Texans	M&T Bank Stadium	BAL	-8	37.5	20	13	33	7	Baltimore Ravens	TRUE
2011	Green Bay Packers	New York Giants	Lambeau Field	GB	-8	54.5	20	37	57	17	New York Giants	TRUE
2011	New England Patriots	Baltimore Ravens	Gillette Stadium	NE	-7	50	23	20	43	3	New England Patriots	TRUE
2011	San Francisco 49ers	New York Giants	Candlestick Park	SF	-2	41.5	17	20	37	3	New York Giants	TRUE
2011	New England Patriots	New York Giants	Lucas Oil Stadium	NE	-2.5	53	17	21	38	4	New York Giants	TRUE
2012	New York Giants	Dallas Cowboys	MetLife Stadium	NYG	-4	46	17	24	41	7	Dallas Cowboys	FALSE
2012	Arizona Cardinals	Seattle Seahawks	University of Phoenix Stadium	SEA	-3	41	20	16	36	4	Arizona Cardinals	FALSE
2012	Chicago Bears	Indianapolis Colts	Soldier Field	CHI	-10	42.5	41	21	62	20	Chicago Bears	FALSE
2012	Cleveland Browns	Philadelphia Eagles	FirstEnergy Stadium	PHI	-9.5	42	16	17	33	1	Philadelphia Eagles	FALSE
2012	Denver Broncos	Pittsburgh Steelers	Sports Authority Field at Mile High	DEN	-2	45.5	31	19	50	12	Denver Broncos	FALSE
2012	Detroit Lions	St. Louis Rams	Ford Field	DET	-9	46.5	27	23	50	4	Detroit Lions	FALSE
2012	Green Bay Packers	San Francisco 49ers	Lambeau Field	GB	-5.5	46.5	22	30	52	8	San Francisco 49ers	FALSE
2012	Houston Texans	Miami Dolphins	Reliant Stadium	HOU	-13.5	41.5	30	10	40	20	Houston Texans	FALSE
2012	Kansas City Chiefs	Atlanta Falcons	Arrowhead Stadium	ATL	-2.5	43	24	40	64	16	Atlanta Falcons	FALSE
2012	Minnesota Vikings	Jacksonville Jaguars	Mall of America Field	MIN	-3.5	38	26	23	49	3	Minnesota Vikings	FALSE
2012	New Orleans Saints	Washington Redskins	Louisiana Superdome	NO	-9	50.5	32	40	72	8	Washington Redskins	FALSE
2012	New York Jets	Buffalo Bills	MetLife Stadium	NYJ	-3	39	48	28	76	20	New York Jets	FALSE
2012	Tampa Bay Buccaneers	Carolina Panthers	Raymond James Stadium	CAR	-3	45.5	16	10	26	6	Tampa Bay Buccaneers	FALSE
2012	Tennessee Titans	New England Patriots	Nissan Stadium	NE	-6.5	48	13	34	47	21	New England Patriots	FALSE
2012	Baltimore Ravens	Cincinnati Bengals	M&T Bank Stadium	BAL	-7	43	44	13	57	31	Baltimore Ravens	FALSE
2012	Oakland Raiders	San Diego Chargers	Oakland Coliseum	OAK	-1	47.5	14	22	36	8	San Diego Chargers	FALSE
2012	Green Bay Packers	Chicago Bears	Lambeau Field	GB	-5.5	51	23	10	33	13	Green Bay Packers	FALSE
2012	Buffalo Bills	Kansas City Chiefs	Ralph Wilson Stadium	BUF	-3	45	35	17	52	18	Buffalo Bills	FALSE
2012	Carolina Panthers	New Orleans Saints	Bank of America Stadium	NO	-3	54	35	27	62	8	Carolina Panthers	FALSE
2012	Cincinnati Bengals	Cleveland Browns	Paul Brown Stadium	CIN	-7	39.5	34	27	61	7	Cincinnati Bengals	FALSE
2012	Indianapolis Colts	Minnesota Vikings	Lucas Oil Stadium	MIN	-3	45.5	23	20	43	3	Indianapolis Colts	FALSE
2012	Jacksonville Jaguars	Houston Texans	EverBank Field	HOU	-7	40	7	27	34	20	Houston Texans	FALSE
2012	Miami Dolphins	Oakland Raiders	Sun Life Stadium	OAK	-2	41	35	13	48	22	Miami Dolphins	FALSE
2012	New England Patriots	Arizona Cardinals	Gillette Stadium	NE	-13.5	47	18	20	38	2	Arizona Cardinals	FALSE
2012	New York Giants	Tampa Bay Buccaneers	MetLife Stadium	NYG	-8	43.5	41	34	75	7	New York Giants	FALSE
2012	Philadelphia Eagles	Baltimore Ravens	Lincoln Financial Field	PHI	-3	47	24	23	47	1	Philadelphia Eagles	FALSE
2012	Pittsburgh Steelers	New York Jets	Heinz Field	PIT	-4.5	43	27	10	37	17	Pittsburgh Steelers	FALSE
2012	San Diego Chargers	Tennessee Titans	Qualcomm Stadium	LAC	-6	43.5	38	10	48	28	San Diego Chargers	FALSE
2012	San Francisco 49ers	Detroit Lions	Candlestick Park	SF	-7	46	27	19	46	8	San Francisco 49ers	FALSE
2012	Seattle Seahawks	Dallas Cowboys	CenturyLink Field	DAL	-3	43	27	7	34	20	Seattle Seahawks	FALSE
2012	St. Louis Rams	Washington Redskins	Edward Jones Dome	WAS	-3.5	42.5	31	28	59	3	St. Louis Rams	FALSE
2012	Atlanta Falcons	Denver Broncos	Georgia Dome	ATL	-3	50.5	27	21	48	6	Atlanta Falcons	FALSE
2012	Carolina Panthers	New York Giants	Bank of America Stadium	CAR	-3	49	7	36	43	29	New York Giants	FALSE
2012	Arizona Cardinals	Philadelphia Eagles	University of Phoenix Stadium	PHI	-3	42	27	6	33	21	Arizona Cardinals	FALSE
2012	Baltimore Ravens	New England Patriots	M&T Bank Stadium	BAL	-3	48	31	30	61	1	Baltimore Ravens	FALSE
2012	Chicago Bears	St. Louis Rams	Soldier Field	CHI	-7	42	23	6	29	17	Chicago Bears	FALSE
2012	Cleveland Browns	Buffalo Bills	FirstEnergy Stadium	BUF	-3	45	14	24	38	10	Buffalo Bills	FALSE
2012	Dallas Cowboys	Tampa Bay Buccaneers	Cowboys Stadium	DAL	-7	45.5	16	10	26	6	Dallas Cowboys	FALSE
2012	Denver Broncos	Houston Texans	Sports Authority Field at Mile High	HOU	-1.5	43.5	25	31	56	6	Houston Texans	FALSE
2012	Indianapolis Colts	Jacksonville Jaguars	Lucas Oil Stadium	IND	-3	42	17	22	39	5	Jacksonville Jaguars	FALSE
2012	Miami Dolphins	New York Jets	Sun Life Stadium	NYJ	-3	40.5	20	23	43	3	New York Jets	FALSE
2012	Minnesota Vikings	San Francisco 49ers	Mall of America Field	SF	-7	42.5	24	13	37	11	Minnesota Vikings	FALSE
2012	New Orleans Saints	Kansas City Chiefs	Louisiana Superdome	NO	-8.5	51.5	24	27	51	3	Kansas City Chiefs	FALSE
2012	Oakland Raiders	Pittsburgh Steelers	Oakland Coliseum	PIT	-4	45	34	31	65	3	Oakland Raiders	FALSE
2012	San Diego Chargers	Atlanta Falcons	Qualcomm Stadium	LAC	-3	47.5	3	27	30	24	Atlanta Falcons	FALSE
2012	Tennessee Titans	Detroit Lions	Nissan Stadium	DET	-4	47	44	41	85	3	Tennessee Titans	FALSE
2012	Washington Redskins	Cincinnati Bengals	FedEx Field	WAS	-3	49.5	31	38	69	7	Cincinnati Bengals	FALSE
2012	Seattle Seahawks	Green Bay Packers	CenturyLink Field	GB	-3.5	45.5	14	12	26	2	Seattle Seahawks	FALSE
2012	Baltimore Ravens	Cleveland Browns	M&T Bank Stadium	BAL	-11.5	43.5	23	16	39	7	Baltimore Ravens	FALSE
2012	Arizona Cardinals	Miami Dolphins	University of Phoenix Stadium	ARI	-4	39.5	24	21	45	3	Arizona Cardinals	FALSE
2012	Atlanta Falcons	Carolina Panthers	Georgia Dome	ATL	-7	48	30	28	58	2	Atlanta Falcons	FALSE
2012	Buffalo Bills	New England Patriots	Ralph Wilson Stadium	NE	-4.5	48.5	28	52	80	24	New England Patriots	FALSE
2012	Denver Broncos	Oakland Raiders	Sports Authority Field at Mile High	DEN	-6.5	47	37	6	43	31	Denver Broncos	FALSE
2012	Detroit Lions	Minnesota Vikings	Ford Field	DET	-4	48.5	13	20	33	7	Minnesota Vikings	FALSE
2012	Green Bay Packers	New Orleans Saints	Lambeau Field	GB	-7.5	54	28	27	55	1	Green Bay Packers	FALSE
2012	Houston Texans	Tennessee Titans	Reliant Stadium	HOU	-13.5	45	38	14	52	24	Houston Texans	FALSE
2012	Jacksonville Jaguars	Cincinnati Bengals	EverBank Field	JAX	-1.5	45.5	10	27	37	17	Cincinnati Bengals	FALSE
2012	Kansas City Chiefs	San Diego Chargers	Arrowhead Stadium	LAC	-2.5	43.5	20	37	57	17	San Diego Chargers	FALSE
2012	New York Jets	San Francisco 49ers	MetLife Stadium	SF	-4	41	0	34	34	34	San Francisco 49ers	FALSE
2012	Philadelphia Eagles	New York Giants	Lincoln Financial Field	PHI	-1.5	46.5	19	17	36	2	Philadelphia Eagles	FALSE
2012	St. Louis Rams	Seattle Seahawks	Edward Jones Dome	SEA	-2.5	39	19	13	32	6	St. Louis Rams	FALSE
2012	Tampa Bay Buccaneers	Washington Redskins	Raymond James Stadium	TB	-2	45	22	24	46	2	Washington Redskins	FALSE
2012	Dallas Cowboys	Chicago Bears	Cowboys Stadium	DAL	-3	41.5	18	34	52	16	Chicago Bears	FALSE
2012	St. Louis Rams	Arizona Cardinals	Edward Jones Dome	ARI	-1.5	38	17	3	20	14	St. Louis Rams	FALSE
2012	Carolina Panthers	Seattle Seahawks	Bank of America Stadium	CAR	-2	42	12	16	28	4	Seattle Seahawks	FALSE
2012	Cincinnati Bengals	Miami Dolphins	Paul Brown Stadium	CIN	-3	45	13	17	30	4	Miami Dolphins	FALSE
2012	Indianapolis Colts	Green Bay Packers	Lucas Oil Stadium	GB	-6.5	49	30	27	57	3	Indianapolis Colts	FALSE
2012	Jacksonville Jaguars	Chicago Bears	EverBank Field	CHI	-6.5	40	3	41	44	38	Chicago Bears	FALSE
2012	Kansas City Chiefs	Baltimore Ravens	Arrowhead Stadium	BAL	-6.5	47	6	9	15	3	Baltimore Ravens	FALSE
2012	Minnesota Vikings	Tennessee Titans	Mall of America Field	MIN	-6	44	30	7	37	23	Minnesota Vikings	FALSE
2012	New England Patriots	Denver Broncos	Gillette Stadium	NE	-6	51.5	31	21	52	10	New England Patriots	FALSE
2012	New Orleans Saints	San Diego Chargers	Louisiana Superdome	NO	-3.5	52.5	31	24	55	7	New Orleans Saints	FALSE
2012	New York Giants	Cleveland Browns	MetLife Stadium	NYG	-8	44	41	27	68	14	New York Giants	FALSE
2012	Pittsburgh Steelers	Philadelphia Eagles	Heinz Field	PIT	-4	44	16	14	30	2	Pittsburgh Steelers	FALSE
2012	San Francisco 49ers	Buffalo Bills	Candlestick Park	SF	-10	45	45	3	48	42	San Francisco 49ers	FALSE
2012	Washington Redskins	Atlanta Falcons	FedEx Field	ATL	-3	51	17	24	41	7	Atlanta Falcons	FALSE
2012	New York Jets	Houston Texans	MetLife Stadium	HOU	-10	41	17	23	40	6	Houston Texans	FALSE
2012	Tennessee Titans	Pittsburgh Steelers	Nissan Stadium	PIT	-6.5	43	26	23	49	3	Tennessee Titans	FALSE
2012	Arizona Cardinals	Buffalo Bills	University of Phoenix Stadium	ARI	-5	44	16	19	35	3	Buffalo Bills	FALSE
2012	Atlanta Falcons	Oakland Raiders	Georgia Dome	ATL	-10	49	23	20	43	3	Atlanta Falcons	FALSE
2012	Baltimore Ravens	Dallas Cowboys	M&T Bank Stadium	BAL	-3	45	31	29	60	2	Baltimore Ravens	FALSE
2012	Cleveland Browns	Cincinnati Bengals	FirstEnergy Stadium	CIN	-2	42	34	24	58	10	Cleveland Browns	FALSE
2012	Houston Texans	Green Bay Packers	Reliant Stadium	HOU	-4	46.5	24	42	66	18	Green Bay Packers	FALSE
2012	Miami Dolphins	St. Louis Rams	Sun Life Stadium	MIA	-5	38	17	14	31	3	Miami Dolphins	FALSE
2012	New York Jets	Indianapolis Colts	MetLife Stadium	NYJ	-3	44	35	9	44	26	New York Jets	FALSE
2012	Philadelphia Eagles	Detroit Lions	Lincoln Financial Field	PHI	-3.5	47.5	23	26	49	3	Detroit Lions	FALSE
2012	San Francisco 49ers	New York Giants	Candlestick Park	SF	-7	46.5	3	26	29	23	New York Giants	FALSE
2012	Seattle Seahawks	New England Patriots	CenturyLink Field	NE	-4	42.5	24	23	47	1	Seattle Seahawks	FALSE
2012	Tampa Bay Buccaneers	Kansas City Chiefs	Raymond James Stadium	TB	-5	39.5	38	10	48	28	Tampa Bay Buccaneers	FALSE
2012	Washington Redskins	Minnesota Vikings	FedEx Field	MIN	-2	44	38	26	64	12	Washington Redskins	FALSE
2012	San Diego Chargers	Denver Broncos	Qualcomm Stadium	PICK	0	47.5	24	35	59	11	Denver Broncos	FALSE
2012	San Francisco 49ers	Seattle Seahawks	Candlestick Park	SF	-7.5	37.5	13	6	19	7	San Francisco 49ers	FALSE
2012	Buffalo Bills	Tennessee Titans	Ralph Wilson Stadium	BUF	-4.5	46.5	34	35	69	1	Tennessee Titans	FALSE
2012	Carolina Panthers	Dallas Cowboys	Bank of America Stadium	DAL	-2.5	45	14	19	33	5	Dallas Cowboys	FALSE
2012	Cincinnati Bengals	Pittsburgh Steelers	Paul Brown Stadium	CIN	-1	45.5	17	24	41	7	Pittsburgh Steelers	FALSE
2012	Houston Texans	Baltimore Ravens	Reliant Stadium	HOU	-6.5	47.5	43	13	56	30	Houston Texans	FALSE
2012	Indianapolis Colts	Cleveland Browns	Lucas Oil Stadium	IND	-1	46.5	17	13	30	4	Indianapolis Colts	FALSE
2012	Minnesota Vikings	Arizona Cardinals	Mall of America Field	MIN	-6.5	39.5	21	14	35	7	Minnesota Vikings	FALSE
2012	New England Patriots	New York Jets	Gillette Stadium	NE	-10.5	47	29	26	55	3	New England Patriots	FALSE
2012	New York Giants	Washington Redskins	MetLife Stadium	NYG	-6.5	51.5	27	23	50	4	New York Giants	FALSE
2012	Oakland Raiders	Jacksonville Jaguars	Oakland Coliseum	OAK	-6	44	26	23	49	3	Oakland Raiders	FALSE
2012	St. Louis Rams	Green Bay Packers	Edward Jones Dome	GB	-5	45	20	30	50	10	Green Bay Packers	FALSE
2012	Tampa Bay Buccaneers	New Orleans Saints	Raymond James Stadium	NO	-1.5	49.5	28	35	63	7	New Orleans Saints	FALSE
2012	Chicago Bears	Detroit Lions	Soldier Field	CHI	-6.5	47	13	7	20	6	Chicago Bears	FALSE
2012	Minnesota Vikings	Tampa Bay Buccaneers	Mall of America Field	MIN	-5.5	43	17	36	53	19	Tampa Bay Buccaneers	FALSE
2012	Chicago Bears	Carolina Panthers	Soldier Field	CHI	-7.5	41.5	23	22	45	1	Chicago Bears	FALSE
2012	Cleveland Browns	San Diego Chargers	FirstEnergy Stadium	LAC	-3	41	7	6	13	1	Cleveland Browns	FALSE
2012	Dallas Cowboys	New York Giants	Cowboys Stadium	NYG	-2.5	48	24	29	53	5	New York Giants	FALSE
2012	Denver Broncos	New Orleans Saints	Sports Authority Field at Mile High	DEN	-6.5	55	34	14	48	20	Denver Broncos	FALSE
2012	Detroit Lions	Seattle Seahawks	Ford Field	DET	-3	42.5	28	24	52	4	Detroit Lions	FALSE
2012	Green Bay Packers	Jacksonville Jaguars	Lambeau Field	GB	-16	45.5	24	15	39	9	Green Bay Packers	FALSE
2012	Kansas City Chiefs	Oakland Raiders	Arrowhead Stadium	KC	-1	42.5	16	26	42	10	Oakland Raiders	FALSE
2012	New York Jets	Miami Dolphins	MetLife Stadium	NYJ	-1	39	9	30	39	21	Miami Dolphins	FALSE
2012	Philadelphia Eagles	Atlanta Falcons	Lincoln Financial Field	PHI	-3	43	17	30	47	13	Atlanta Falcons	FALSE
2012	Pittsburgh Steelers	Washington Redskins	Heinz Field	PIT	-4.5	44	27	12	39	15	Pittsburgh Steelers	FALSE
2012	St. Louis Rams	New England Patriots	Wembley Stadium	NE	-7	46	7	45	52	38	New England Patriots	FALSE
2012	Tennessee Titans	Indianapolis Colts	Nissan Stadium	TEN	-3	47	13	19	32	6	Indianapolis Colts	FALSE
2012	Arizona Cardinals	San Francisco 49ers	University of Phoenix Stadium	SF	-7	38.5	3	24	27	21	San Francisco 49ers	FALSE
2012	San Diego Chargers	Kansas City Chiefs	Qualcomm Stadium	LAC	-7	41	31	13	44	18	San Diego Chargers	FALSE
2012	Atlanta Falcons	Dallas Cowboys	Georgia Dome	ATL	-4.5	47.5	19	13	32	6	Atlanta Falcons	FALSE
2012	Cincinnati Bengals	Denver Broncos	Paul Brown Stadium	DEN	-5.5	47.5	23	31	54	8	Denver Broncos	FALSE
2012	Cleveland Browns	Baltimore Ravens	FirstEnergy Stadium	BAL	-3.5	44	15	25	40	10	Baltimore Ravens	FALSE
2012	Green Bay Packers	Arizona Cardinals	Lambeau Field	GB	-10.5	43.5	31	17	48	14	Green Bay Packers	FALSE
2012	Houston Texans	Buffalo Bills	Reliant Stadium	HOU	-11.5	48	21	9	30	12	Houston Texans	FALSE
2012	Indianapolis Colts	Miami Dolphins	Lucas Oil Stadium	MIA	-2	43.5	23	20	43	3	Indianapolis Colts	FALSE
2012	Jacksonville Jaguars	Detroit Lions	EverBank Field	DET	-6	44	14	31	45	17	Detroit Lions	FALSE
2012	New York Giants	Pittsburgh Steelers	MetLife Stadium	NYG	-3.5	47.5	20	24	44	4	Pittsburgh Steelers	FALSE
2012	Oakland Raiders	Tampa Bay Buccaneers	Oakland Coliseum	OAK	-1	47.5	32	42	74	10	Tampa Bay Buccaneers	FALSE
2012	Seattle Seahawks	Minnesota Vikings	CenturyLink Field	SEA	-4	38.5	30	20	50	10	Seattle Seahawks	FALSE
2012	Tennessee Titans	Chicago Bears	Nissan Stadium	CHI	-5	43.5	20	51	71	31	Chicago Bears	FALSE
2012	Washington Redskins	Carolina Panthers	FedEx Field	WAS	-3	48.5	13	21	34	8	Carolina Panthers	FALSE
2012	New Orleans Saints	Philadelphia Eagles	Louisiana Superdome	NO	-3	52	28	13	41	15	New Orleans Saints	FALSE
2012	Jacksonville Jaguars	Indianapolis Colts	EverBank Field	IND	-3.5	43.5	10	27	37	17	Indianapolis Colts	FALSE
2012	Baltimore Ravens	Oakland Raiders	M&T Bank Stadium	BAL	-7.5	47.5	55	20	75	35	Baltimore Ravens	FALSE
2012	Carolina Panthers	Denver Broncos	Bank of America Stadium	DEN	-4	47	14	36	50	22	Denver Broncos	FALSE
2012	Chicago Bears	Houston Texans	Soldier Field	CHI	-1	40	6	13	19	7	Houston Texans	FALSE
2012	Cincinnati Bengals	New York Giants	Paul Brown Stadium	NYG	-4.5	47.5	31	13	44	18	Cincinnati Bengals	FALSE
2012	Miami Dolphins	Tennessee Titans	Sun Life Stadium	MIA	-7	44	3	37	40	34	Tennessee Titans	FALSE
2012	Minnesota Vikings	Detroit Lions	Mall of America Field	DET	-3	45.5	34	24	58	10	Minnesota Vikings	FALSE
2012	New England Patriots	Buffalo Bills	Gillette Stadium	NE	-13.5	54	37	31	68	6	New England Patriots	FALSE
2012	New Orleans Saints	Atlanta Falcons	Louisiana Superdome	ATL	-1.5	54	31	27	58	4	New Orleans Saints	FALSE
2012	Philadelphia Eagles	Dallas Cowboys	Lincoln Financial Field	DAL	-2.5	44.5	23	38	61	15	Dallas Cowboys	FALSE
2012	San Francisco 49ers	St. Louis Rams	Candlestick Park	SF	-13	38	24	24	48	0	St. Louis Rams	FALSE
2012	Seattle Seahawks	New York Jets	CenturyLink Field	SEA	-5.5	38.5	28	7	35	21	Seattle Seahawks	FALSE
2012	Tampa Bay Buccaneers	San Diego Chargers	Raymond James Stadium	TB	-3	47	34	24	58	10	Tampa Bay Buccaneers	FALSE
2012	Pittsburgh Steelers	Kansas City Chiefs	Heinz Field	PIT	-13	40	16	13	29	3	Pittsburgh Steelers	FALSE
2012	Buffalo Bills	Miami Dolphins	Ralph Wilson Stadium	BUF	-2.5	46	19	14	33	5	Buffalo Bills	FALSE
2012	Atlanta Falcons	Arizona Cardinals	Georgia Dome	ATL	-9.5	44	23	19	42	4	Atlanta Falcons	FALSE
2012	Carolina Panthers	Tampa Bay Buccaneers	Bank of America Stadium	TB	-1.5	47	21	27	48	6	Tampa Bay Buccaneers	FALSE
2012	Dallas Cowboys	Cleveland Browns	Cowboys Stadium	DAL	-7	43.5	23	20	43	3	Dallas Cowboys	FALSE
2012	Denver Broncos	San Diego Chargers	Sports Authority Field at Mile High	DEN	-7.5	48	30	23	53	7	Denver Broncos	FALSE
2012	Detroit Lions	Green Bay Packers	Ford Field	GB	-3	53.5	20	24	44	4	Green Bay Packers	FALSE
2012	Houston Texans	Jacksonville Jaguars	Reliant Stadium	HOU	-15.5	40.5	43	37	80	6	Houston Texans	FALSE
2012	Kansas City Chiefs	Cincinnati Bengals	Arrowhead Stadium	CIN	-3	42.5	6	28	34	22	Cincinnati Bengals	FALSE
2012	New England Patriots	Indianapolis Colts	Gillette Stadium	NE	-10	55	59	24	83	35	New England Patriots	FALSE
2012	Oakland Raiders	New Orleans Saints	Oakland Coliseum	NO	-6.5	56	17	38	55	21	New Orleans Saints	FALSE
2012	Pittsburgh Steelers	Baltimore Ravens	Heinz Field	BAL	-3	40.5	10	13	23	3	Baltimore Ravens	FALSE
2012	St. Louis Rams	New York Jets	Edward Jones Dome	LAR	-3.5	38.5	13	27	40	14	New York Jets	FALSE
2012	Washington Redskins	Philadelphia Eagles	FedEx Field	WAS	-3.5	46	31	6	37	25	Washington Redskins	FALSE
2012	San Francisco 49ers	Chicago Bears	Candlestick Park	SF	-5	35	32	7	39	25	San Francisco 49ers	FALSE
2012	Dallas Cowboys	Washington Redskins	Cowboys Stadium	DAL	-3.5	47.5	31	38	69	7	Washington Redskins	FALSE
2012	Detroit Lions	Houston Texans	Ford Field	HOU	-4	49	31	34	65	3	Houston Texans	FALSE
2012	New York Jets	New England Patriots	MetLife Stadium	NE	-7	48.5	19	49	68	30	New England Patriots	FALSE
2012	Arizona Cardinals	St. Louis Rams	University of Phoenix Stadium	ARI	-1	36.5	17	31	48	14	St. Louis Rams	FALSE
2012	Chicago Bears	Minnesota Vikings	Soldier Field	CHI	-6.5	39	28	10	38	18	Chicago Bears	FALSE
2012	Cincinnati Bengals	Oakland Raiders	Paul Brown Stadium	CIN	-8	51	34	10	44	24	Cincinnati Bengals	FALSE
2012	Cleveland Browns	Pittsburgh Steelers	FirstEnergy Stadium	PIT	-2	33.5	20	14	34	6	Cleveland Browns	FALSE
2012	Indianapolis Colts	Buffalo Bills	Lucas Oil Stadium	IND	-3	51.5	20	13	33	7	Indianapolis Colts	FALSE
2012	Jacksonville Jaguars	Tennessee Titans	EverBank Field	TEN	-3.5	45	24	19	43	5	Jacksonville Jaguars	FALSE
2012	Kansas City Chiefs	Denver Broncos	Arrowhead Stadium	DEN	-10.5	42.5	9	17	26	8	Denver Broncos	FALSE
2012	Miami Dolphins	Seattle Seahawks	Sun Life Stadium	SEA	-3	38	24	21	45	3	Miami Dolphins	FALSE
2012	New Orleans Saints	San Francisco 49ers	Louisiana Superdome	SF	-1.5	50	21	31	52	10	San Francisco 49ers	FALSE
2012	New York Giants	Green Bay Packers	MetLife Stadium	NYG	-2.5	51.5	38	10	48	28	New York Giants	FALSE
2012	San Diego Chargers	Baltimore Ravens	Qualcomm Stadium	BAL	-1	47	13	16	29	3	Baltimore Ravens	FALSE
2012	Tampa Bay Buccaneers	Atlanta Falcons	Raymond James Stadium	ATL	-1.5	51.5	23	24	47	1	Atlanta Falcons	FALSE
2012	Philadelphia Eagles	Carolina Panthers	Lincoln Financial Field	CAR	-3	42	22	30	52	8	Carolina Panthers	FALSE
2012	Atlanta Falcons	New Orleans Saints	Georgia Dome	ATL	-3.5	55	23	13	36	10	Atlanta Falcons	FALSE
2012	Baltimore Ravens	Pittsburgh Steelers	M&T Bank Stadium	BAL	-7.5	36.5	20	23	43	3	Pittsburgh Steelers	FALSE
2012	Buffalo Bills	Jacksonville Jaguars	Ralph Wilson Stadium	BUF	-6	42	34	18	52	16	Buffalo Bills	FALSE
2012	Chicago Bears	Seattle Seahawks	Soldier Field	CHI	-3.5	37	17	23	40	6	Seattle Seahawks	FALSE
2012	Dallas Cowboys	Philadelphia Eagles	Cowboys Stadium	DAL	-10.5	44	38	33	71	5	Dallas Cowboys	FALSE
2012	Denver Broncos	Tampa Bay Buccaneers	Sports Authority Field at Mile High	DEN	-7.5	50	31	23	54	8	Denver Broncos	FALSE
2012	Detroit Lions	Indianapolis Colts	Ford Field	DET	-7	51	33	35	68	2	Indianapolis Colts	FALSE
2012	Green Bay Packers	Minnesota Vikings	Lambeau Field	GB	-7.5	47	23	14	37	9	Green Bay Packers	FALSE
2012	Kansas City Chiefs	Carolina Panthers	Arrowhead Stadium	CAR	-6	41	27	21	48	6	Kansas City Chiefs	FALSE
2012	Miami Dolphins	New England Patriots	Sun Life Stadium	NE	-9	51.5	16	23	39	7	New England Patriots	FALSE
2012	New York Jets	Arizona Cardinals	MetLife Stadium	NYJ	-6	36.5	7	6	13	1	New York Jets	FALSE
2012	Oakland Raiders	Cleveland Browns	Oakland Coliseum	CLE	-2.5	39.5	17	20	37	3	Cleveland Browns	FALSE
2012	San Diego Chargers	Cincinnati Bengals	Qualcomm Stadium	CIN	-2.5	46	13	20	33	7	Cincinnati Bengals	FALSE
2012	St. Louis Rams	San Francisco 49ers	Edward Jones Dome	SF	-8	41	16	13	29	3	St. Louis Rams	FALSE
2012	Tennessee Titans	Houston Texans	Nissan Stadium	HOU	-7	47	10	24	34	14	Houston Texans	FALSE
2012	Washington Redskins	New York Giants	FedEx Field	NYG	-3	50	17	16	33	1	Washington Redskins	FALSE
2012	Oakland Raiders	Denver Broncos	Oakland Coliseum	DEN	-10.5	47	13	26	39	13	Denver Broncos	FALSE
2012	Buffalo Bills	St. Louis Rams	Ralph Wilson Stadium	BUF	-3	42.5	12	15	27	3	St. Louis Rams	FALSE
2012	Carolina Panthers	Atlanta Falcons	Bank of America Stadium	ATL	-3.5	47	30	20	50	10	Carolina Panthers	FALSE
2012	Cincinnati Bengals	Dallas Cowboys	Paul Brown Stadium	CIN	-3.5	46	19	20	39	1	Dallas Cowboys	FALSE
2012	Cleveland Browns	Kansas City Chiefs	FirstEnergy Stadium	CLE	-7	38	30	7	37	23	Cleveland Browns	FALSE
2012	Green Bay Packers	Detroit Lions	Lambeau Field	GB	-6.5	49	27	20	47	7	Green Bay Packers	FALSE
2012	Indianapolis Colts	Tennessee Titans	Lucas Oil Stadium	IND	-4	47	27	23	50	4	Indianapolis Colts	FALSE
2012	Jacksonville Jaguars	New York Jets	EverBank Field	NYJ	-3	39	10	17	27	7	New York Jets	FALSE
2012	Minnesota Vikings	Chicago Bears	Mall of America Field	CHI	-1.5	40.5	21	14	35	7	Minnesota Vikings	FALSE
2012	New York Giants	New Orleans Saints	MetLife Stadium	NYG	-4.5	51.5	52	27	79	25	New York Giants	FALSE
2012	Pittsburgh Steelers	San Diego Chargers	Heinz Field	PIT	-7.5	38	24	34	58	10	San Diego Chargers	FALSE
2012	San Francisco 49ers	Miami Dolphins	Candlestick Park	SF	-10.5	38.5	27	13	40	14	San Francisco 49ers	FALSE
2012	Seattle Seahawks	Arizona Cardinals	CenturyLink Field	SEA	-10	36	58	0	58	58	Seattle Seahawks	FALSE
2012	Tampa Bay Buccaneers	Philadelphia Eagles	Raymond James Stadium	TB	-7	48	21	23	44	2	Philadelphia Eagles	FALSE
2012	Washington Redskins	Baltimore Ravens	FedEx Field	WAS	-1.5	48	31	28	59	3	Washington Redskins	FALSE
2012	New England Patriots	Houston Texans	Gillette Stadium	NE	-5.5	51	42	14	56	28	New England Patriots	FALSE
2012	Philadelphia Eagles	Cincinnati Bengals	Lincoln Financial Field	CIN	-5	45	13	34	47	21	Cincinnati Bengals	FALSE
2012	Arizona Cardinals	Detroit Lions	University of Phoenix Stadium	DET	-6.5	43.5	38	10	48	28	Arizona Cardinals	FALSE
2012	Atlanta Falcons	New York Giants	Georgia Dome	PICK	0	50	34	0	34	34	Atlanta Falcons	FALSE
2012	Baltimore Ravens	Denver Broncos	M&T Bank Stadium	DEN	-3	48	17	34	51	17	Denver Broncos	FALSE
2012	Buffalo Bills	Seattle Seahawks	Rogers Centre	SEA	-5	44	17	50	67	33	Seattle Seahawks	FALSE
2012	Chicago Bears	Green Bay Packers	Soldier Field	GB	-3	43.5	13	21	34	8	Green Bay Packers	FALSE
2012	Cleveland Browns	Washington Redskins	FirstEnergy Stadium	CLE	-4	40.5	21	38	59	17	Washington Redskins	FALSE
2012	Dallas Cowboys	Pittsburgh Steelers	Cowboys Stadium	PIT	-2.5	46	27	24	51	3	Dallas Cowboys	FALSE
2012	Houston Texans	Indianapolis Colts	Reliant Stadium	HOU	-10.5	48	29	17	46	12	Houston Texans	FALSE
2012	Miami Dolphins	Jacksonville Jaguars	Sun Life Stadium	MIA	-7.5	38	24	3	27	21	Miami Dolphins	FALSE
2012	New England Patriots	San Francisco 49ers	Gillette Stadium	NE	-5	47.5	34	41	75	7	San Francisco 49ers	FALSE
2012	New Orleans Saints	Tampa Bay Buccaneers	Louisiana Superdome	NO	-3.5	55	41	0	41	41	New Orleans Saints	FALSE
2012	Oakland Raiders	Kansas City Chiefs	Oakland Coliseum	OAK	-4.5	44	15	0	15	15	Oakland Raiders	FALSE
2012	San Diego Chargers	Carolina Panthers	Qualcomm Stadium	LAC	-3	45.5	7	31	38	24	Carolina Panthers	FALSE
2012	St. Louis Rams	Minnesota Vikings	Edward Jones Dome	LAR	-2.5	39.5	22	36	58	14	Minnesota Vikings	FALSE
2012	Tennessee Titans	New York Jets	Nissan Stadium	TEN	-1	42	14	10	24	4	Tennessee Titans	FALSE
2012	Detroit Lions	Atlanta Falcons	Ford Field	ATL	-4	50.5	18	31	49	13	Atlanta Falcons	FALSE
2012	Arizona Cardinals	Chicago Bears	University of Phoenix Stadium	CHI	-7	36.5	13	28	41	15	Chicago Bears	FALSE
2012	Baltimore Ravens	New York Giants	M&T Bank Stadium	NYG	-2.5	47	33	14	47	19	Baltimore Ravens	FALSE
2012	Carolina Panthers	Oakland Raiders	Bank of America Stadium	CAR	-9.5	47	17	6	23	11	Carolina Panthers	FALSE
2012	Dallas Cowboys	New Orleans Saints	Cowboys Stadium	DAL	-3	54.5	31	34	65	3	New Orleans Saints	FALSE
2012	Denver Broncos	Cleveland Browns	Sports Authority Field at Mile High	DEN	-11	44	34	12	46	22	Denver Broncos	FALSE
2012	Green Bay Packers	Tennessee Titans	Lambeau Field	GB	-11	44.5	55	7	62	48	Green Bay Packers	FALSE
2012	Houston Texans	Minnesota Vikings	Reliant Stadium	HOU	-7.5	43.5	6	23	29	17	Minnesota Vikings	FALSE
2012	Jacksonville Jaguars	New England Patriots	EverBank Field	NE	-14.5	51	16	23	39	7	New England Patriots	FALSE
2012	Kansas City Chiefs	Indianapolis Colts	Arrowhead Stadium	IND	-6	41.5	13	20	33	7	Indianapolis Colts	FALSE
2012	Miami Dolphins	Buffalo Bills	Sun Life Stadium	MIA	-5	43	24	10	34	14	Miami Dolphins	FALSE
2012	New York Jets	San Diego Chargers	MetLife Stadium	NYJ	-3	38	17	27	44	10	San Diego Chargers	FALSE
2012	Philadelphia Eagles	Washington Redskins	Lincoln Financial Field	WAS	-6	46	20	27	47	7	Washington Redskins	FALSE
2012	Pittsburgh Steelers	Cincinnati Bengals	Heinz Field	PIT	-3.5	40	10	13	23	3	Cincinnati Bengals	FALSE
2012	Seattle Seahawks	San Francisco 49ers	CenturyLink Field	SEA	-2	40.5	42	13	55	29	Seattle Seahawks	FALSE
2012	Tampa Bay Buccaneers	St. Louis Rams	Raymond James Stadium	TB	-3	44	13	28	41	15	St. Louis Rams	FALSE
2012	Atlanta Falcons	Tampa Bay Buccaneers	Georgia Dome	ATL	-3	46	17	22	39	5	Tampa Bay Buccaneers	FALSE
2012	Buffalo Bills	New York Jets	Ralph Wilson Stadium	BUF	-3.5	41	28	9	37	19	Buffalo Bills	FALSE
2012	Cincinnati Bengals	Baltimore Ravens	Paul Brown Stadium	CIN	-3	42.5	23	17	40	6	Cincinnati Bengals	FALSE
2012	Denver Broncos	Kansas City Chiefs	Sports Authority Field at Mile High	DEN	-17	41.5	38	3	41	35	Denver Broncos	FALSE
2012	Detroit Lions	Chicago Bears	Ford Field	CHI	-3	46	24	26	50	2	Chicago Bears	FALSE
2012	Indianapolis Colts	Houston Texans	Lucas Oil Stadium	HOU	-6	47	28	16	44	12	Indianapolis Colts	FALSE
2012	Minnesota Vikings	Green Bay Packers	Mall of America Field	GB	-3	46	37	34	71	3	Minnesota Vikings	FALSE
2012	New England Patriots	Miami Dolphins	Gillette Stadium	NE	-10	46.5	28	0	28	28	New England Patriots	FALSE
2012	New Orleans Saints	Carolina Panthers	Louisiana Superdome	NO	-4	54	38	44	82	6	Carolina Panthers	FALSE
2012	New York Giants	Philadelphia Eagles	MetLife Stadium	NYG	-6.5	44.5	42	7	49	35	New York Giants	FALSE
2012	Pittsburgh Steelers	Cleveland Browns	Heinz Field	PIT	-9.5	36	24	10	34	14	Pittsburgh Steelers	FALSE
2012	San Diego Chargers	Oakland Raiders	Qualcomm Stadium	LAC	-8	41.5	24	21	45	3	San Diego Chargers	FALSE
2012	San Francisco 49ers	Arizona Cardinals	Candlestick Park	SF	-16.5	39.5	27	13	40	14	San Francisco 49ers	FALSE
2012	Seattle Seahawks	St. Louis Rams	CenturyLink Field	SEA	-12	42.5	20	13	33	7	Seattle Seahawks	FALSE
2012	Tennessee Titans	Jacksonville Jaguars	Nissan Stadium	TEN	-5.5	42	38	20	58	18	Tennessee Titans	FALSE
2012	Washington Redskins	Dallas Cowboys	FedEx Field	WAS	-3	49	28	18	46	10	Washington Redskins	FALSE
2012	Green Bay Packers	Minnesota Vikings	Lambeau Field	GB	-11	44.5	24	10	34	14	Green Bay Packers	TRUE
2012	Houston Texans	Cincinnati Bengals	Reliant Stadium	HOU	-4	42.5	19	13	32	6	Houston Texans	TRUE
2012	Baltimore Ravens	Indianapolis Colts	M&T Bank Stadium	BAL	-7	47	24	9	33	15	Baltimore Ravens	TRUE
2012	Washington Redskins	Seattle Seahawks	FedEx Field	SEA	-3	45	14	24	38	10	Seattle Seahawks	TRUE
2012	Denver Broncos	Baltimore Ravens	Sports Authority Field at Mile High	DEN	-9	44.5	35	38	73	3	Baltimore Ravens	TRUE
2012	San Francisco 49ers	Green Bay Packers	Candlestick Park	SF	-3	45.5	45	31	76	14	San Francisco 49ers	TRUE
2012	Atlanta Falcons	Seattle Seahawks	Georgia Dome	ATL	-3	47	30	28	58	2	Atlanta Falcons	TRUE
2012	New England Patriots	Houston Texans	Gillette Stadium	NE	-9.5	51	41	28	69	13	New England Patriots	TRUE
2012	Atlanta Falcons	San Francisco 49ers	Georgia Dome	SF	-4.5	49	24	28	52	4	San Francisco 49ers	TRUE
2012	New England Patriots	Baltimore Ravens	Gillette Stadium	NE	-7.5	51.5	13	28	41	15	Baltimore Ravens	TRUE
2012	San Francisco 49ers	Baltimore Ravens	Mercedes-Benz Superdome	SF	-4.5	48	31	34	65	3	Baltimore Ravens	TRUE
2013	Denver Broncos	Baltimore Ravens	Sports Authority Field at Mile High	DEN	-7.5	49.5	49	27	76	22	Denver Broncos	FALSE
2013	Buffalo Bills	New England Patriots	Ralph Wilson Stadium	NE	-10.5	51.5	21	23	44	2	New England Patriots	FALSE
2013	Carolina Panthers	Seattle Seahawks	Bank of America Stadium	SEA	-3.5	45	7	12	19	5	Seattle Seahawks	FALSE
2013	Chicago Bears	Cincinnati Bengals	Soldier Field	CHI	-3	42	24	21	45	3	Chicago Bears	FALSE
2013	Cleveland Browns	Miami Dolphins	FirstEnergy Stadium	CLE	-2.5	40.5	10	23	33	13	Miami Dolphins	FALSE
2013	Dallas Cowboys	New York Giants	Cowboys Stadium	DAL	-3.5	50	36	31	67	5	Dallas Cowboys	FALSE
2013	Detroit Lions	Minnesota Vikings	Ford Field	DET	-4.5	47.5	34	24	58	10	Detroit Lions	FALSE
2013	Indianapolis Colts	Oakland Raiders	Lucas Oil Stadium	IND	-11.5	45.5	21	17	38	4	Indianapolis Colts	FALSE
2013	Jacksonville Jaguars	Kansas City Chiefs	EverBank Field	KC	-4.5	43	2	28	30	26	Kansas City Chiefs	FALSE
2013	New Orleans Saints	Atlanta Falcons	Louisiana Superdome	NO	-3.5	56	23	17	40	6	New Orleans Saints	FALSE
2013	New York Jets	Tampa Bay Buccaneers	MetLife Stadium	TB	-6	39	18	17	35	1	New York Jets	FALSE
2013	Pittsburgh Steelers	Tennessee Titans	Heinz Field	PIT	-6	42	9	16	25	7	Tennessee Titans	FALSE
2013	San Francisco 49ers	Green Bay Packers	Candlestick Park	SF	-5	48.5	34	28	62	6	San Francisco 49ers	FALSE
2013	St. Louis Rams	Arizona Cardinals	Edward Jones Dome	LAR	-3.5	41.5	27	24	51	3	St. Louis Rams	FALSE
2013	San Diego Chargers	Houston Texans	Qualcomm Stadium	HOU	-6.5	45.5	28	31	59	3	Houston Texans	FALSE
2013	Washington Redskins	Philadelphia Eagles	FedEx Field	WAS	-4.5	53.5	27	33	60	6	Philadelphia Eagles	FALSE
2013	New England Patriots	New York Jets	Gillette Stadium	NE	-11.5	43.5	13	10	23	3	New England Patriots	FALSE
2013	Arizona Cardinals	Detroit Lions	University of Phoenix Stadium	DET	-2	48.5	25	21	46	4	Arizona Cardinals	FALSE
2013	Atlanta Falcons	St. Louis Rams	Georgia Dome	ATL	-5.5	47.5	31	24	55	7	Atlanta Falcons	FALSE
2013	Baltimore Ravens	Cleveland Browns	M&T Bank Stadium	BAL	-7	44	14	6	20	8	Baltimore Ravens	FALSE
2013	Buffalo Bills	Carolina Panthers	Ralph Wilson Stadium	CAR	-3.5	43.5	24	23	47	1	Buffalo Bills	FALSE
2013	Chicago Bears	Minnesota Vikings	Soldier Field	CHI	-6.5	42	31	30	61	1	Chicago Bears	FALSE
2013	Green Bay Packers	Washington Redskins	Lambeau Field	GB	-8	50	38	20	58	18	Green Bay Packers	FALSE
2013	Houston Texans	Tennessee Titans	Reliant Stadium	HOU	-9	43	30	24	54	6	Houston Texans	FALSE
2013	Indianapolis Colts	Miami Dolphins	Lucas Oil Stadium	IND	-3	44	20	24	44	4	Miami Dolphins	FALSE
2013	Kansas City Chiefs	Dallas Cowboys	Arrowhead Stadium	KC	-3	46	17	16	33	1	Kansas City Chiefs	FALSE
2013	New York Giants	Denver Broncos	MetLife Stadium	DEN	-4	55.5	23	41	64	18	Denver Broncos	FALSE
2013	Oakland Raiders	Jacksonville Jaguars	Oakland Coliseum	OAK	-5	40	19	9	28	10	Oakland Raiders	FALSE
2013	Philadelphia Eagles	San Diego Chargers	Lincoln Financial Field	PHI	-7.5	54	30	33	63	3	San Diego Chargers	FALSE
2013	Seattle Seahawks	San Francisco 49ers	CenturyLink Field	SEA	-2.5	44.5	29	3	32	26	Seattle Seahawks	FALSE
2013	Tampa Bay Buccaneers	New Orleans Saints	Raymond James Stadium	NO	-4	48.5	14	16	30	2	New Orleans Saints	FALSE
2013	Cincinnati Bengals	Pittsburgh Steelers	Paul Brown Stadium	CIN	-6.5	41	20	10	30	10	Cincinnati Bengals	FALSE
2013	Philadelphia Eagles	Kansas City Chiefs	Lincoln Financial Field	PHI	-3.5	51	16	26	42	10	Kansas City Chiefs	FALSE
2013	Baltimore Ravens	Houston Texans	M&T Bank Stadium	HOU	-1	44.5	30	9	39	21	Baltimore Ravens	FALSE
2013	Carolina Panthers	New York Giants	Bank of America Stadium	NYG	-3	47	38	0	38	38	Carolina Panthers	FALSE
2013	Cincinnati Bengals	Green Bay Packers	Paul Brown Stadium	GB	-3	50.5	34	30	64	4	Cincinnati Bengals	FALSE
2013	Dallas Cowboys	St. Louis Rams	Cowboys Stadium	DAL	-3.5	47	31	7	38	24	Dallas Cowboys	FALSE
2013	Miami Dolphins	Atlanta Falcons	Sun Life Stadium	MIA	-2.5	46	27	23	50	4	Miami Dolphins	FALSE
2013	Minnesota Vikings	Cleveland Browns	Mall of America Field	MIN	-7	40.5	27	31	58	4	Cleveland Browns	FALSE
2013	New England Patriots	Tampa Bay Buccaneers	Gillette Stadium	NE	-7.5	45	23	3	26	20	New England Patriots	FALSE
2013	New Orleans Saints	Arizona Cardinals	Louisiana Superdome	NO	-7.5	49.5	31	7	38	24	New Orleans Saints	FALSE
2013	New York Jets	Buffalo Bills	MetLife Stadium	NYJ	-2.5	41	27	20	47	7	New York Jets	FALSE
2013	Pittsburgh Steelers	Chicago Bears	Heinz Field	CHI	-2.5	41	23	40	63	17	Chicago Bears	FALSE
2013	San Francisco 49ers	Indianapolis Colts	Candlestick Park	SF	-10	47	7	27	34	20	Indianapolis Colts	FALSE
2013	Seattle Seahawks	Jacksonville Jaguars	CenturyLink Field	SEA	-20	39.5	45	17	62	28	Seattle Seahawks	FALSE
2013	Tennessee Titans	San Diego Chargers	Nissan Stadium	TEN	-3	43.5	20	17	37	3	Tennessee Titans	FALSE
2013	Washington Redskins	Detroit Lions	FedEx Field	DET	-1	49.5	20	27	47	7	Detroit Lions	FALSE
2013	Denver Broncos	Oakland Raiders	Sports Authority Field at Mile High	DEN	-16.5	50	37	21	58	16	Denver Broncos	FALSE
2013	St. Louis Rams	San Francisco 49ers	Edward Jones Dome	SF	-4	43.5	11	35	46	24	San Francisco 49ers	FALSE
2013	Atlanta Falcons	New England Patriots	Georgia Dome	ATL	-3	50	23	30	53	7	New England Patriots	FALSE
2013	Buffalo Bills	Baltimore Ravens	Ralph Wilson Stadium	BAL	-4	45	23	20	43	3	Buffalo Bills	FALSE
2013	Cleveland Browns	Cincinnati Bengals	FirstEnergy Stadium	CIN	-4.5	42.5	17	6	23	11	Cleveland Browns	FALSE
2013	Denver Broncos	Philadelphia Eagles	Sports Authority Field at Mile High	DEN	-11.5	59	52	20	72	32	Denver Broncos	FALSE
2013	Detroit Lions	Chicago Bears	Ford Field	DET	-2.5	49.5	40	32	72	8	Detroit Lions	FALSE
2013	Houston Texans	Seattle Seahawks	Reliant Stadium	SEA	-2	41	20	23	43	3	Seattle Seahawks	FALSE
2013	Jacksonville Jaguars	Indianapolis Colts	EverBank Field	IND	-9.5	42.5	3	37	40	34	Indianapolis Colts	FALSE
2013	Kansas City Chiefs	New York Giants	Arrowhead Stadium	KC	-4.5	44	31	7	38	24	Kansas City Chiefs	FALSE
2013	Minnesota Vikings	Pittsburgh Steelers	Wembley Stadium	PIT	-3	42.5	34	27	61	7	Minnesota Vikings	FALSE
2013	Oakland Raiders	Washington Redskins	Oakland Coliseum	WAS	-4	46	14	24	38	10	Washington Redskins	FALSE
2013	San Diego Chargers	Dallas Cowboys	Qualcomm Stadium	DAL	-1.5	48	30	21	51	9	San Diego Chargers	FALSE
2013	Tampa Bay Buccaneers	Arizona Cardinals	Raymond James Stadium	TB	-2.5	40	10	13	23	3	Arizona Cardinals	FALSE
2013	Tennessee Titans	New York Jets	Nissan Stadium	TEN	-3.5	40.5	38	13	51	25	Tennessee Titans	FALSE
2013	New Orleans Saints	Miami Dolphins	Louisiana Superdome	NO	-7.5	49	38	17	55	21	New Orleans Saints	FALSE
2013	Cleveland Browns	Buffalo Bills	FirstEnergy Stadium	CLE	-4	41	37	24	61	13	Cleveland Browns	FALSE
2013	Arizona Cardinals	Carolina Panthers	University of Phoenix Stadium	CAR	-3	42.5	22	6	28	16	Arizona Cardinals	FALSE
2013	Chicago Bears	New Orleans Saints	Soldier Field	NO	-1.5	51.5	18	26	44	8	New Orleans Saints	FALSE
2013	Cincinnati Bengals	New England Patriots	Paul Brown Stadium	NE	-1	45.5	13	6	19	7	Cincinnati Bengals	FALSE
2013	Dallas Cowboys	Denver Broncos	Cowboys Stadium	DEN	-9	57.5	48	51	99	3	Denver Broncos	FALSE
2013	Green Bay Packers	Detroit Lions	Lambeau Field	GB	-9.5	55	22	9	31	13	Green Bay Packers	FALSE
2013	Indianapolis Colts	Seattle Seahawks	Lucas Oil Stadium	SEA	-3	44	34	28	62	6	Indianapolis Colts	FALSE
2013	Miami Dolphins	Baltimore Ravens	Sun Life Stadium	MIA	-2.5	43	23	26	49	3	Baltimore Ravens	FALSE
2013	New York Giants	Philadelphia Eagles	MetLife Stadium	NYG	-1.5	54	21	36	57	15	Philadelphia Eagles	FALSE
2013	Oakland Raiders	San Diego Chargers	Oakland Coliseum	LAC	-5	47	27	17	44	10	Oakland Raiders	FALSE
2013	San Francisco 49ers	Houston Texans	Candlestick Park	SF	-4.5	44	34	3	37	31	San Francisco 49ers	FALSE
2013	St. Louis Rams	Jacksonville Jaguars	Edward Jones Dome	LAR	-11	41	34	20	54	14	St. Louis Rams	FALSE
2013	Tennessee Titans	Kansas City Chiefs	Nissan Stadium	KC	-3	38.5	17	26	43	9	Kansas City Chiefs	FALSE
2013	Atlanta Falcons	New York Jets	Georgia Dome	ATL	-10.5	45	28	30	58	2	New York Jets	FALSE
2013	Chicago Bears	New York Giants	Soldier Field	CHI	-8.5	48	27	21	48	6	Chicago Bears	FALSE
2013	Baltimore Ravens	Green Bay Packers	M&T Bank Stadium	GB	-2	48	17	19	36	2	Green Bay Packers	FALSE
2013	Buffalo Bills	Cincinnati Bengals	Ralph Wilson Stadium	CIN	-6	41	24	27	51	3	Cincinnati Bengals	FALSE
2013	Cleveland Browns	Detroit Lions	FirstEnergy Stadium	DET	-2.5	43.5	17	31	48	14	Detroit Lions	FALSE
2013	Dallas Cowboys	Washington Redskins	Cowboys Stadium	DAL	-5.5	51.5	31	16	47	15	Dallas Cowboys	FALSE
2013	Denver Broncos	Jacksonville Jaguars	Sports Authority Field at Mile High	DEN	-26.5	52	35	19	54	16	Denver Broncos	FALSE
2013	Houston Texans	St. Louis Rams	Reliant Stadium	HOU	-9	42.5	13	38	51	25	St. Louis Rams	FALSE
2013	Kansas City Chiefs	Oakland Raiders	Arrowhead Stadium	KC	-7.5	41.5	24	7	31	17	Kansas City Chiefs	FALSE
2013	Minnesota Vikings	Carolina Panthers	Mall of America Field	MIN	-2.5	44.5	10	35	45	25	Carolina Panthers	FALSE
2013	New England Patriots	New Orleans Saints	Gillette Stadium	NE	-2.5	50	30	27	57	3	New England Patriots	FALSE
2013	New York Jets	Pittsburgh Steelers	MetLife Stadium	PIT	-1.5	41	6	19	25	13	Pittsburgh Steelers	FALSE
2013	San Francisco 49ers	Arizona Cardinals	Candlestick Park	SF	-10.5	41	32	20	52	12	San Francisco 49ers	FALSE
2013	Seattle Seahawks	Tennessee Titans	CenturyLink Field	SEA	-11.5	41.5	20	13	33	7	Seattle Seahawks	FALSE
2013	Tampa Bay Buccaneers	Philadelphia Eagles	Raymond James Stadium	PHI	-3	44	20	31	51	11	Philadelphia Eagles	FALSE
2013	San Diego Chargers	Indianapolis Colts	Qualcomm Stadium	PICK	0	50.5	19	9	28	10	San Diego Chargers	FALSE
2013	Arizona Cardinals	Seattle Seahawks	University of Phoenix Stadium	SEA	-4.5	41.5	22	34	56	12	Seattle Seahawks	FALSE
2013	Atlanta Falcons	Tampa Bay Buccaneers	Georgia Dome	ATL	-6.5	43	31	23	54	8	Atlanta Falcons	FALSE
2013	Carolina Panthers	St. Louis Rams	Bank of America Stadium	CAR	-7	42	30	15	45	15	Carolina Panthers	FALSE
2013	Detroit Lions	Cincinnati Bengals	Ford Field	DET	-1.5	46	24	27	51	3	Cincinnati Bengals	FALSE
2013	Green Bay Packers	Cleveland Browns	Lambeau Field	GB	-9.5	45	31	13	44	18	Green Bay Packers	FALSE
2013	Indianapolis Colts	Denver Broncos	Lucas Oil Stadium	DEN	-6	55.5	39	33	72	6	Indianapolis Colts	FALSE
2013	Jacksonville Jaguars	San Diego Chargers	EverBank Field	LAC	-7	44.5	6	24	30	18	San Diego Chargers	FALSE
2013	Kansas City Chiefs	Houston Texans	Arrowhead Stadium	KC	-6	39	17	16	33	1	Kansas City Chiefs	FALSE
2013	Miami Dolphins	Buffalo Bills	Sun Life Stadium	MIA	-6.5	44.5	21	23	44	2	Buffalo Bills	FALSE
2013	New York Jets	New England Patriots	MetLife Stadium	NE	-3	43	30	27	57	3	New York Jets	FALSE
2013	Philadelphia Eagles	Dallas Cowboys	Lincoln Financial Field	PHI	-2.5	55	3	17	20	14	Dallas Cowboys	FALSE
2013	Pittsburgh Steelers	Baltimore Ravens	Heinz Field	PIT	-2.5	41	19	16	35	3	Pittsburgh Steelers	FALSE
2013	Tennessee Titans	San Francisco 49ers	Nissan Stadium	SF	-3	40.5	17	31	48	14	San Francisco 49ers	FALSE
2013	Washington Redskins	Chicago Bears	FedEx Field	CHI	-1	48	45	41	86	4	Washington Redskins	FALSE
2013	New York Giants	Minnesota Vikings	MetLife Stadium	NYG	-3.5	47	23	7	30	16	New York Giants	FALSE
2013	Tampa Bay Buccaneers	Carolina Panthers	Raymond James Stadium	CAR	-6.5	38.5	13	31	44	18	Carolina Panthers	FALSE
2013	Arizona Cardinals	Atlanta Falcons	University of Phoenix Stadium	ARI	-3	46.5	27	13	40	14	Arizona Cardinals	FALSE
2013	Cincinnati Bengals	New York Jets	Paul Brown Stadium	CIN	-4.5	41.5	49	9	58	40	Cincinnati Bengals	FALSE
2013	Denver Broncos	Washington Redskins	Sports Authority Field at Mile High	DEN	-11	58	45	21	66	24	Denver Broncos	FALSE
2013	Detroit Lions	Dallas Cowboys	Ford Field	DET	-3	50.5	31	30	61	1	Detroit Lions	FALSE
2013	Jacksonville Jaguars	San Francisco 49ers	Wembley Stadium	SF	-14.5	40	10	42	52	32	San Francisco 49ers	FALSE
2013	Kansas City Chiefs	Cleveland Browns	Arrowhead Stadium	KC	-7	39	23	17	40	6	Kansas City Chiefs	FALSE
2013	Minnesota Vikings	Green Bay Packers	Mall of America Field	GB	-7.5	47	31	44	75	13	Green Bay Packers	FALSE
2013	New England Patriots	Miami Dolphins	Gillette Stadium	NE	-5.5	45	27	17	44	10	New England Patriots	FALSE
2013	New Orleans Saints	Buffalo Bills	Louisiana Superdome	NO	-10.5	48	35	17	52	18	New Orleans Saints	FALSE
2013	Oakland Raiders	Pittsburgh Steelers	Oakland Coliseum	PIT	-2.5	40.5	21	18	39	3	Oakland Raiders	FALSE
2013	Philadelphia Eagles	New York Giants	Lincoln Financial Field	PHI	-5.5	49.5	7	15	22	8	New York Giants	FALSE
2013	St. Louis Rams	Seattle Seahawks	Edward Jones Dome	SEA	-13	43.5	9	14	23	5	Seattle Seahawks	FALSE
2013	Miami Dolphins	Cincinnati Bengals	Sun Life Stadium	CIN	-3	42	22	20	42	2	Miami Dolphins	FALSE
2013	Buffalo Bills	Kansas City Chiefs	Ralph Wilson Stadium	KC	-4.5	41	13	23	36	10	Kansas City Chiefs	FALSE
2013	Carolina Panthers	Atlanta Falcons	Bank of America Stadium	CAR	-8	47	34	10	44	24	Carolina Panthers	FALSE
2013	Cleveland Browns	Baltimore Ravens	FirstEnergy Stadium	BAL	-1	42	24	18	42	6	Cleveland Browns	FALSE
2013	Dallas Cowboys	Minnesota Vikings	Cowboys Stadium	DAL	-8.5	50.5	27	23	50	4	Dallas Cowboys	FALSE
2013	Houston Texans	Indianapolis Colts	Reliant Stadium	IND	-1	44	24	27	51	3	Indianapolis Colts	FALSE
2013	New England Patriots	Pittsburgh Steelers	Gillette Stadium	NE	-5.5	43	55	31	86	24	New England Patriots	FALSE
2013	New York Jets	New Orleans Saints	MetLife Stadium	NO	-5.5	46	26	20	46	6	New York Jets	FALSE
2013	Oakland Raiders	Philadelphia Eagles	Oakland Coliseum	OAK	-1	45.5	20	49	69	29	Philadelphia Eagles	FALSE
2013	Seattle Seahawks	Tampa Bay Buccaneers	CenturyLink Field	SEA	-14.5	40.5	27	24	51	3	Seattle Seahawks	FALSE
2013	St. Louis Rams	Tennessee Titans	Edward Jones Dome	TEN	-3	40.5	21	28	49	7	Tennessee Titans	FALSE
2013	Washington Redskins	San Diego Chargers	FedEx Field	PICK	0	48.5	30	24	54	6	Washington Redskins	FALSE
2013	Green Bay Packers	Chicago Bears	Lambeau Field	GB	-9.5	50.5	20	27	47	7	Chicago Bears	FALSE
2013	Minnesota Vikings	Washington Redskins	Mall of America Field	WAS	-1	48	34	27	61	7	Minnesota Vikings	FALSE
2013	Arizona Cardinals	Houston Texans	University of Phoenix Stadium	ARI	-3.5	42	27	24	51	3	Arizona Cardinals	FALSE
2013	Atlanta Falcons	Seattle Seahawks	Georgia Dome	SEA	-3	47	10	33	43	23	Seattle Seahawks	FALSE
2013	Baltimore Ravens	Cincinnati Bengals	M&T Bank Stadium	BAL	-2	43.5	20	17	37	3	Baltimore Ravens	FALSE
2013	Chicago Bears	Detroit Lions	Soldier Field	DET	-1.5	52	19	21	40	2	Detroit Lions	FALSE
2013	Green Bay Packers	Philadelphia Eagles	Lambeau Field	PHI	-1	47	13	27	40	14	Philadelphia Eagles	FALSE
2013	Indianapolis Colts	St. Louis Rams	Lucas Oil Stadium	IND	-7	43	8	38	46	30	St. Louis Rams	FALSE
2013	New Orleans Saints	Dallas Cowboys	Louisiana Superdome	NO	-5.5	53.5	49	17	66	32	New Orleans Saints	FALSE
2013	New York Giants	Oakland Raiders	MetLife Stadium	NYG	-7	41	24	20	44	4	New York Giants	FALSE
2013	Pittsburgh Steelers	Buffalo Bills	Heinz Field	PIT	-2.5	43	23	10	33	13	Pittsburgh Steelers	FALSE
2013	San Diego Chargers	Denver Broncos	Qualcomm Stadium	DEN	-7	57	20	28	48	8	Denver Broncos	FALSE
2013	San Francisco 49ers	Carolina Panthers	Candlestick Park	SF	-5.5	42.5	9	10	19	1	Carolina Panthers	FALSE
2013	Tennessee Titans	Jacksonville Jaguars	Nissan Stadium	TEN	-11.5	42	27	29	56	2	Jacksonville Jaguars	FALSE
2013	Tampa Bay Buccaneers	Miami Dolphins	Raymond James Stadium	MIA	-2.5	39.5	22	19	41	3	Tampa Bay Buccaneers	FALSE
2013	Tennessee Titans	Indianapolis Colts	Nissan Stadium	IND	-3	42	27	30	57	3	Indianapolis Colts	FALSE
2013	Buffalo Bills	New York Jets	Ralph Wilson Stadium	NYJ	-2	39.5	37	14	51	23	Buffalo Bills	FALSE
2013	Chicago Bears	Baltimore Ravens	Soldier Field	CHI	-3.5	41	23	20	43	3	Chicago Bears	FALSE
2013	Cincinnati Bengals	Cleveland Browns	Paul Brown Stadium	CIN	-4.5	40	41	20	61	21	Cincinnati Bengals	FALSE
2013	Denver Broncos	Kansas City Chiefs	Sports Authority Field at Mile High	DEN	-7.5	49	27	17	44	10	Denver Broncos	FALSE
2013	Houston Texans	Oakland Raiders	Reliant Stadium	HOU	-10.5	40.5	23	28	51	5	Oakland Raiders	FALSE
2013	Jacksonville Jaguars	Arizona Cardinals	EverBank Field	ARI	-9	40.5	14	27	41	13	Arizona Cardinals	FALSE
2013	Miami Dolphins	San Diego Chargers	Sun Life Stadium	LAC	-3	44.5	20	16	36	4	Miami Dolphins	FALSE
2013	New Orleans Saints	San Francisco 49ers	Louisiana Superdome	NO	-3.5	49.5	23	20	43	3	New Orleans Saints	FALSE
2013	New York Giants	Green Bay Packers	MetLife Stadium	NYG	-3	40.5	27	13	40	14	New York Giants	FALSE
2013	Philadelphia Eagles	Washington Redskins	Lincoln Financial Field	PHI	-4	54	24	16	40	8	Philadelphia Eagles	FALSE
2013	Pittsburgh Steelers	Detroit Lions	Heinz Field	DET	-3	45	37	27	64	10	Pittsburgh Steelers	FALSE
2013	Seattle Seahawks	Minnesota Vikings	CenturyLink Field	SEA	-13	45	41	20	61	21	Seattle Seahawks	FALSE
2013	Tampa Bay Buccaneers	Atlanta Falcons	Raymond James Stadium	TB	-2	43.5	41	28	69	13	Tampa Bay Buccaneers	FALSE
2013	Carolina Panthers	New England Patriots	Bank of America Stadium	CAR	-3	45.5	24	20	44	4	Carolina Panthers	FALSE
2013	Atlanta Falcons	New Orleans Saints	Georgia Dome	NO	-7	52.5	13	17	30	4	New Orleans Saints	FALSE
2013	Arizona Cardinals	Indianapolis Colts	University of Phoenix Stadium	ARI	-3	44.5	40	11	51	29	Arizona Cardinals	FALSE
2013	Baltimore Ravens	New York Jets	M&T Bank Stadium	BAL	-3.5	38.5	19	3	22	16	Baltimore Ravens	FALSE
2013	Cleveland Browns	Pittsburgh Steelers	FirstEnergy Stadium	CLE	-2	39	11	27	38	16	Pittsburgh Steelers	FALSE
2013	Detroit Lions	Tampa Bay Buccaneers	Ford Field	DET	-7	48	21	24	45	3	Tampa Bay Buccaneers	FALSE
2013	Green Bay Packers	Minnesota Vikings	Lambeau Field	GB	-5.5	44.5	26	26	52	0	Minnesota Vikings	FALSE
2013	Houston Texans	Jacksonville Jaguars	Reliant Stadium	HOU	-10	43.5	6	13	19	7	Jacksonville Jaguars	FALSE
2013	Kansas City Chiefs	San Diego Chargers	Arrowhead Stadium	KC	-3	42.5	38	41	79	3	San Diego Chargers	FALSE
2013	Miami Dolphins	Carolina Panthers	Sun Life Stadium	CAR	-4	40.5	16	20	36	4	Carolina Panthers	FALSE
2013	New England Patriots	Denver Broncos	Gillette Stadium	DEN	-2.5	53	34	31	65	3	New England Patriots	FALSE
2013	New York Giants	Dallas Cowboys	MetLife Stadium	NYG	-2.5	44	21	24	45	3	Dallas Cowboys	FALSE
2013	Oakland Raiders	Tennessee Titans	Oakland Coliseum	TEN	-2	42	19	23	42	4	Tennessee Titans	FALSE
2013	St. Louis Rams	Chicago Bears	Edward Jones Dome	LAR	-1.5	45	42	21	63	21	St. Louis Rams	FALSE
2013	Washington Redskins	San Francisco 49ers	FedEx Field	SF	-5	47	6	27	33	21	San Francisco 49ers	FALSE
2013	Baltimore Ravens	Pittsburgh Steelers	M&T Bank Stadium	BAL	-3	40.5	22	20	42	2	Baltimore Ravens	FALSE
2013	Dallas Cowboys	Oakland Raiders	Cowboys Stadium	DAL	-8	48	31	24	55	7	Dallas Cowboys	FALSE
2013	Detroit Lions	Green Bay Packers	Ford Field	DET	-6	48.5	40	10	50	30	Detroit Lions	FALSE
2013	Buffalo Bills	Atlanta Falcons	Rogers Centre	BUF	-4.5	48.5	31	34	65	3	Atlanta Falcons	FALSE
2013	Carolina Panthers	Tampa Bay Buccaneers	Bank of America Stadium	CAR	-6.5	40.5	27	6	33	21	Carolina Panthers	FALSE
2013	Cleveland Browns	Jacksonville Jaguars	FirstEnergy Stadium	CLE	-7.5	39	28	32	60	4	Jacksonville Jaguars	FALSE
2013	Houston Texans	New England Patriots	Reliant Stadium	NE	-6.5	47.5	31	34	65	3	New England Patriots	FALSE
2013	Indianapolis Colts	Tennessee Titans	Lucas Oil Stadium	IND	-3.5	46	22	14	36	8	Indianapolis Colts	FALSE
2013	Kansas City Chiefs	Denver Broncos	Arrowhead Stadium	DEN	-6	50	28	35	63	7	Denver Broncos	FALSE
2013	Minnesota Vikings	Chicago Bears	Mall of America Field	MIN	-1	50.5	23	20	43	3	Minnesota Vikings	FALSE
2013	New York Jets	Miami Dolphins	MetLife Stadium	NYJ	-2	40.5	3	23	26	20	Miami Dolphins	FALSE
2013	Philadelphia Eagles	Arizona Cardinals	Lincoln Financial Field	PHI	-3.5	48.5	24	21	45	3	Philadelphia Eagles	FALSE
2013	San Diego Chargers	Cincinnati Bengals	Qualcomm Stadium	CIN	-1.5	48.5	10	17	27	7	Cincinnati Bengals	FALSE
2013	San Francisco 49ers	St. Louis Rams	Candlestick Park	SF	-7.5	40	23	13	36	10	San Francisco 49ers	FALSE
2013	Washington Redskins	New York Giants	FedEx Field	WAS	-1	44.5	17	24	41	7	New York Giants	FALSE
2013	Seattle Seahawks	New Orleans Saints	CenturyLink Field	SEA	-5	47.5	34	7	41	27	Seattle Seahawks	FALSE
2013	Jacksonville Jaguars	Houston Texans	EverBank Field	HOU	-3.5	43	27	20	47	7	Jacksonville Jaguars	FALSE
2013	Arizona Cardinals	St. Louis Rams	University of Phoenix Stadium	ARI	-4.5	41	30	10	40	20	Arizona Cardinals	FALSE
2013	Baltimore Ravens	Minnesota Vikings	M&T Bank Stadium	BAL	-6	41.5	29	26	55	3	Baltimore Ravens	FALSE
2013	Cincinnati Bengals	Indianapolis Colts	Paul Brown Stadium	CIN	-7	43.5	42	28	70	14	Cincinnati Bengals	FALSE
2013	Denver Broncos	Tennessee Titans	Sports Authority Field at Mile High	DEN	-13.5	49.5	51	28	79	23	Denver Broncos	FALSE
2013	Green Bay Packers	Atlanta Falcons	Lambeau Field	GB	-3.5	45	22	21	43	1	Green Bay Packers	FALSE
2013	New England Patriots	Cleveland Browns	Gillette Stadium	NE	-9.5	47.5	27	26	53	1	New England Patriots	FALSE
2013	New Orleans Saints	Carolina Panthers	Louisiana Superdome	NO	-3	46.5	31	13	44	18	New Orleans Saints	FALSE
2013	New York Jets	Oakland Raiders	MetLife Stadium	NYJ	-3	39.5	37	27	64	10	New York Jets	FALSE
2013	Philadelphia Eagles	Detroit Lions	Lincoln Financial Field	PHI	-2	53.5	34	20	54	14	Philadelphia Eagles	FALSE
2013	Pittsburgh Steelers	Miami Dolphins	Heinz Field	PIT	-3	41	28	34	62	6	Miami Dolphins	FALSE
2013	San Diego Chargers	New York Giants	Qualcomm Stadium	LAC	-4	46.5	37	14	51	23	San Diego Chargers	FALSE
2013	San Francisco 49ers	Seattle Seahawks	Candlestick Park	SF	-2	41	19	17	36	2	San Francisco 49ers	FALSE
2013	Tampa Bay Buccaneers	Buffalo Bills	Raymond James Stadium	TB	-2.5	42.5	27	6	33	21	Tampa Bay Buccaneers	FALSE
2013	Washington Redskins	Kansas City Chiefs	FedEx Field	KC	-3	44.5	10	45	55	35	Kansas City Chiefs	FALSE
2013	Chicago Bears	Dallas Cowboys	Soldier Field	CHI	-1.5	49.5	45	28	73	17	Chicago Bears	FALSE
2013	Denver Broncos	San Diego Chargers	Sports Authority Field at Mile High	DEN	-9.5	57	20	27	47	7	San Diego Chargers	FALSE
2013	Atlanta Falcons	Washington Redskins	Georgia Dome	ATL	-5.5	49	27	26	53	1	Atlanta Falcons	FALSE
2013	Carolina Panthers	New York Jets	Bank of America Stadium	CAR	-10	40.5	30	20	50	10	Carolina Panthers	FALSE
2013	Cleveland Browns	Chicago Bears	FirstEnergy Stadium	CLE	-1	44	31	38	69	7	Chicago Bears	FALSE
2013	Dallas Cowboys	Green Bay Packers	Cowboys Stadium	DAL	-4	49.5	36	37	73	1	Green Bay Packers	FALSE
2013	Indianapolis Colts	Houston Texans	Lucas Oil Stadium	IND	-6	47	25	3	28	22	Indianapolis Colts	FALSE
2013	Jacksonville Jaguars	Buffalo Bills	EverBank Field	BUF	-4	43.5	20	27	47	7	Buffalo Bills	FALSE
2013	Miami Dolphins	New England Patriots	Sun Life Stadium	MIA	-2.5	46.5	24	20	44	4	Miami Dolphins	FALSE
2013	Minnesota Vikings	Philadelphia Eagles	Mall of America Field	PHI	-7	53	48	30	78	18	Minnesota Vikings	FALSE
2013	New York Giants	Seattle Seahawks	MetLife Stadium	SEA	-9.5	43	0	23	23	23	Seattle Seahawks	FALSE
2013	Oakland Raiders	Kansas City Chiefs	Oakland Coliseum	KC	-6	44.5	31	56	87	25	Kansas City Chiefs	FALSE
2013	Pittsburgh Steelers	Cincinnati Bengals	Heinz Field	CIN	-1.5	43	30	20	50	10	Pittsburgh Steelers	FALSE
2013	St. Louis Rams	New Orleans Saints	Edward Jones Dome	NO	-7	48	27	16	43	11	St. Louis Rams	FALSE
2013	Tampa Bay Buccaneers	San Francisco 49ers	Raymond James Stadium	SF	-4.5	41	14	33	47	19	San Francisco 49ers	FALSE
2013	Tennessee Titans	Arizona Cardinals	Nissan Stadium	ARI	-3	42.5	34	37	71	3	Arizona Cardinals	FALSE
2013	Detroit Lions	Baltimore Ravens	Ford Field	DET	-5.5	49	16	18	34	2	Baltimore Ravens	FALSE
2013	Baltimore Ravens	New England Patriots	M&T Bank Stadium	BAL	-1.5	44.5	7	41	48	34	New England Patriots	FALSE
2013	Buffalo Bills	Miami Dolphins	Ralph Wilson Stadium	MIA	-1.5	42.5	19	0	19	19	Buffalo Bills	FALSE
2013	Carolina Panthers	New Orleans Saints	Bank of America Stadium	CAR	-3	44.5	17	13	30	4	Carolina Panthers	FALSE
2013	Cincinnati Bengals	Minnesota Vikings	Paul Brown Stadium	CIN	-7.5	47.5	42	14	56	28	Cincinnati Bengals	FALSE
2013	Detroit Lions	New York Giants	Ford Field	DET	-9	48.5	20	23	43	3	New York Giants	FALSE
2013	Green Bay Packers	Pittsburgh Steelers	Lambeau Field	GB	-2	44.5	31	38	69	7	Pittsburgh Steelers	FALSE
2013	Houston Texans	Denver Broncos	Reliant Stadium	DEN	-9.5	53.5	13	37	50	24	Denver Broncos	FALSE
2013	Jacksonville Jaguars	Tennessee Titans	EverBank Field	TEN	-4	44	16	20	36	4	Tennessee Titans	FALSE
2013	Kansas City Chiefs	Indianapolis Colts	Arrowhead Stadium	KC	-7	46.5	7	23	30	16	Indianapolis Colts	FALSE
2013	New York Jets	Cleveland Browns	MetLife Stadium	NYJ	-1.5	42	24	13	37	11	New York Jets	FALSE
2013	Philadelphia Eagles	Chicago Bears	Lincoln Financial Field	PHI	-3	55	54	11	65	43	Philadelphia Eagles	FALSE
2013	San Diego Chargers	Oakland Raiders	Qualcomm Stadium	LAC	-9	51	26	13	39	13	San Diego Chargers	FALSE
2013	Seattle Seahawks	Arizona Cardinals	CenturyLink Field	SEA	-9	43	10	17	27	7	Arizona Cardinals	FALSE
2013	St. Louis Rams	Tampa Bay Buccaneers	Edward Jones Dome	LAR	-3.5	43	23	13	36	10	St. Louis Rams	FALSE
2013	Washington Redskins	Dallas Cowboys	FedEx Field	DAL	-2.5	52	23	24	47	1	Dallas Cowboys	FALSE
2013	San Francisco 49ers	Atlanta Falcons	Candlestick Park	SF	-14.5	46	34	24	58	10	San Francisco 49ers	FALSE
2013	Arizona Cardinals	San Francisco 49ers	University of Phoenix Stadium	ARI	-3	41	20	23	43	3	San Francisco 49ers	FALSE
2013	Atlanta Falcons	Carolina Panthers	Georgia Dome	CAR	-5.5	46.5	20	21	41	1	Carolina Panthers	FALSE
2013	Chicago Bears	Green Bay Packers	Soldier Field	GB	-3	51.5	28	33	61	5	Green Bay Packers	FALSE
2013	Cincinnati Bengals	Baltimore Ravens	Paul Brown Stadium	CIN	-7	42.5	34	17	51	17	Cincinnati Bengals	FALSE
2013	Dallas Cowboys	Philadelphia Eagles	Cowboys Stadium	PHI	-7	52.5	22	24	46	2	Philadelphia Eagles	FALSE
2013	Indianapolis Colts	Jacksonville Jaguars	Lucas Oil Stadium	IND	-11.5	45	30	10	40	20	Indianapolis Colts	FALSE
2013	Miami Dolphins	New York Jets	Sun Life Stadium	MIA	-7	41	7	20	27	13	New York Jets	FALSE
2013	Minnesota Vikings	Detroit Lions	Mall of America Field	DET	-2.5	49.5	14	13	27	1	Minnesota Vikings	FALSE
2013	New England Patriots	Buffalo Bills	Gillette Stadium	NE	-7	46	34	20	54	14	New England Patriots	FALSE
2013	New Orleans Saints	Tampa Bay Buccaneers	Louisiana Superdome	NO	-10.5	46.5	42	17	59	25	New Orleans Saints	FALSE
2013	New York Giants	Washington Redskins	MetLife Stadium	NYG	-3.5	44.5	20	6	26	14	New York Giants	FALSE
2013	Oakland Raiders	Denver Broncos	Oakland Coliseum	DEN	-10	53.5	14	34	48	20	Denver Broncos	FALSE
2013	Pittsburgh Steelers	Cleveland Browns	Heinz Field	PIT	-9.5	44.5	20	7	27	13	Pittsburgh Steelers	FALSE
2013	San Diego Chargers	Kansas City Chiefs	Qualcomm Stadium	LAC	-14.5	45	27	24	51	3	San Diego Chargers	FALSE
2013	Seattle Seahawks	St. Louis Rams	CenturyLink Field	SEA	-12.5	41	27	9	36	18	Seattle Seahawks	FALSE
2013	Tennessee Titans	Houston Texans	Nissan Stadium	TEN	-6.5	44.5	16	10	26	6	Tennessee Titans	FALSE
2013	Indianapolis Colts	Kansas City Chiefs	Lucas Oil Stadium	KC	-2.5	46.5	45	44	89	1	Indianapolis Colts	TRUE
2013	Philadelphia Eagles	New Orleans Saints	Lincoln Financial Field	PHI	-3	53	24	26	50	2	New Orleans Saints	TRUE
2013	Cincinnati Bengals	San Diego Chargers	Paul Brown Stadium	CIN	-6	48	10	27	37	17	San Diego Chargers	TRUE
2013	Green Bay Packers	San Francisco 49ers	Lambeau Field	SF	-3	46	20	23	43	3	San Francisco 49ers	TRUE
2013	New England Patriots	Indianapolis Colts	Gillette Stadium	NE	-7	51	43	22	65	21	New England Patriots	TRUE
2013	Seattle Seahawks	New Orleans Saints	CenturyLink Field	SEA	-9	44.5	23	15	38	8	Seattle Seahawks	TRUE
2013	Carolina Panthers	San Francisco 49ers	Bank of America Stadium	SF	-1	41.5	10	23	33	13	San Francisco 49ers	TRUE
2013	Denver Broncos	San Diego Chargers	Sports Authority Field at Mile High	DEN	-7.5	54.5	24	17	41	7	Denver Broncos	TRUE
2013	Denver Broncos	New England Patriots	Sports Authority Field at Mile High	DEN	-5	57	26	16	42	10	Denver Broncos	TRUE
2013	Seattle Seahawks	San Francisco 49ers	CenturyLink Field	SEA	-4	40.5	23	17	40	6	Seattle Seahawks	TRUE
2013	Denver Broncos	Seattle Seahawks	MetLife Stadium	DEN	-2	47.5	8	43	51	35	Seattle Seahawks	TRUE
